total_traded_qty,avg_traded_price,security_name,security_id,trans_date,high_price,total_trades,fiftyTwoWeekHigh,ltp,symbol,total_traded_value,ltp_datetime,fiftyTwoWeekLow,total_buy_qty,prev_closing,low_price,open_price,total_sell_qty,last_updated_price
53871,467.06,Agriculture Development Bank Limited,397,2020-11-03,480.0,243,483.0,467.0,ADBL,25160965.0,2020-11-03T14:58:36.899599,313.0,63744391,469.0,465.0,480.0,47006513,467.0
185490,249.78,Arun Valley Hydropower Development Co. Ltd.,360,2020-11-03,257.0,412,282.0,251.0,AHPC,46332014.0,2020-11-03T14:59:58.592572,88.0,104965066,257.0,245.0,257.0,61459540,251.0
12989,512.78,Ajod Insurance Limited,2893,2020-11-03,515.0,452,580.0,512.0,AIL,6660511.0,2020-11-03T14:59:54.76432,291.0,31044973,511.0,505.0,505.0,7872986,512.0
5830,117.1,Ankhu Khola Jalvidhyut Company Ltd,2788,2020-11-03,119.0,185,144.0,116.0,AKJCL,682690.0,2020-11-03T14:59:31.254507,46.4,12281788,118.0,116.0,116.0,3139707,116.0
168191,260.45,Arun Kabeli Power Ltd.,2757,2020-11-03,267.0,300,277.0,263.0,AKPL,43804516.0,2020-11-03T14:59:59.001918,100.0,104557699,255.0,255.0,255.0,74055712,263.0
11326,867.82,Asha Laghubitta Bittiya Sanstha Ltd,2807,2020-11-03,895.0,126,995.0,863.0,ALBSL,9828906.0,2020-11-03T14:59:49.142082,376.0,8257399,870.0,854.0,886.0,4633341,863.0
14135,738.65,Asian Life Insurance Co. Limited,385,2020-11-03,742.0,74,788.0,738.0,ALICL,10440861.0,2020-11-03T14:59:53.36246,305.0,28807685,740.0,736.0,736.0,23982672,738.0
203018,237.11,Api Power Company Ltd.,697,2020-11-03,240.0,394,249.0,237.0,API,48137970.0,2020-11-03T14:59:44.895416,100.0,96665626,238.0,235.0,240.0,82058236,237.0
13742,194.94,Barun Hydropower Co. Ltd.,686,2020-11-03,200.0,52,217.0,196.0,BARUN,2678922.0,2020-11-03T14:50:59.664093,76.0,11805718,194.0,193.0,197.0,9275245,196.0
2446,2338.3,Bishal Bazar Company Limited,156,2020-11-03,2341.0,75,2341.0,2341.0,BBC,5719486.0,2020-11-03T13:35:51.443251,1366.0,535100,2129.0,2235.0,2235.0,478673,2341.0
12547,144.32,Best Finance Company Ltd.,227,2020-11-03,146.0,72,161.0,144.0,BFC,1810743.0,2020-11-03T14:58:36.615687,81.0,11497025,141.0,140.0,141.0,10478792,144.0
40,6700.0,Bottlers Nepal (Terai) Limited,213,2020-11-03,6700.0,3,9274.0,6700.0,BNT,268000.0,2020-11-03T14:39:06.166505,5847.0,146229,6586.0,6700.0,6700.0,140691,6700.0
44213,281.86,Bank of Kathmandu Ltd.,138,2020-11-03,283.0,177,296.0,282.0,BOKL,12461941.0,2020-11-03T14:59:23.709788,186.0,57006686,282.0,280.0,282.0,55498847,282.0
15777,413.7,Butwal Power Company Limited,153,2020-11-03,415.0,199,433.0,414.0,BPCL,6527017.0,2020-11-03T14:59:38.12064,284.0,30357624,413.0,412.0,412.0,24292813,414.0
34488,1189.82,Chhimek Laghubitta Bikas Bank Limited,164,2020-11-03,1208.0,307,1343.0,1182.0,CBBL,41034548.0,2020-11-03T14:58:47.059577,751.0,19235420,1168.0,1168.0,1168.0,18485690,1182.0
30000,570.0,Chhimek Laghubitta Bikas Bank Limited Promoter Share,698,2020-11-03,570.0,3,613.0,570.0,CBBLPO,17100000.0,2020-11-03T12:32:30.854921,470.0,1534374,570.0,570.0,570.0,1403634,570.0
37031,173.1,Civil Bank Ltd,532,2020-11-03,175.0,138,188.0,174.0,CBL,6410103.0,2020-11-03T14:57:06.025081,125.0,167203214,175.0,172.0,175.0,118904106,174.0
47151,195.57,Century Commercial Bank Ltd.,605,2020-11-03,198.0,206,210.0,196.0,CCBL,9221494.0,2020-11-03T14:59:38.163516,136.0,86435808,196.0,195.0,196.0,62428836,196.0
91366,112.0,Century Commercial Bank Ltd. Promoter Share,656,2020-11-03,112.0,1,120.0,112.0,CCBLPO,10232992.0,2020-11-03T11:36:54.581894,112.0,1972509,112.0,112.0,112.0,1869310,112.0
8288,167.73,Central Finance Co. Ltd.,245,2020-11-03,170.0,34,191.0,168.0,CFCL,1390158.0,2020-11-03T14:59:32.265782,106.0,12827234,168.0,166.0,168.0,9298788,168.0
7283,512.66,Chilime Hydropower Company Limited,154,2020-11-03,518.0,72,546.0,514.0,CHCL,3733710.0,2020-11-03T14:59:25.351243,330.0,33637299,513.0,511.0,517.0,24064022,514.0
5758,163.91,Chhyangdi Hydropower Ltd.,2766,2020-11-03,166.0,59,188.0,161.0,CHL,943791.0,2020-11-03T14:59:31.292466,77.0,6019618,163.0,161.0,163.0,2992762,161.0
4417,3728.66,Citizen Investment Trust,210,2020-11-03,3755.0,99,3794.0,3722.0,CIT,16469511.0,2020-11-03T14:59:01.181386,1678.0,14569079,3730.0,3720.0,3755.0,11012532,3722.0
4885,751.49,Civil Laghubitta Bittiya Sanstha Ltd.,693,2020-11-03,761.0,77,1549.0,743.0,CLBSL,3671014.0,2020-11-03T14:59:40.269142,438.0,2563766,734.0,741.0,748.0,2220729,743.0
194950,9.94,Citizens Mutual Fund -1,2780,2020-11-03,10.09,32,11.77,9.81,CMF1,1937226.5,2020-11-03T14:59:31.773204,8.55,87714879,9.79,9.8,9.85,34326200,9.81
465,195.32,Corporate Development Bank Limited,450,2020-11-03,197.0,8,221.0,197.0,CORBL,90825.0,2020-11-03T13:43:14.067201,102.0,2848937,198.0,195.0,195.0,2581832,197.0
75511,234.76,Citizen Bank International Limited,348,2020-11-03,237.0,304,253.0,234.0,CZBIL,17726781.0,2020-11-03T14:59:36.949895,164.0,70466319,232.0,232.0,232.0,52155849,234.0
52372,974.32,Deprosc Laghubitta Bittiya Sanstha Limited,166,2020-11-03,993.0,343,1100.0,970.0,DDBL,51027200.0,2020-11-03T14:59:33.048209,710.0,16425402,979.0,963.0,986.0,14127876,970.0
7760,116.72,Dibyashwori Hydropower Ltd.,2754,2020-11-03,119.0,59,146.0,116.0,DHPL,905774.0,2020-11-03T14:58:59.160971,45.5,7160590,119.0,115.0,118.0,4901371,116.0
23898,717.48,Everest Bank Limited,137,2020-11-03,720.0,181,932.0,718.0,EBL,17146343.0,2020-11-03T14:59:38.62562,517.0,31011506,718.0,712.0,717.0,27555398,718.0
3617,317.56,Excel Development Bank Ltd.,274,2020-11-03,319.0,21,442.0,319.0,EDBL,1148630.0,2020-11-03T14:59:34.615115,257.0,5374124,320.0,315.0,318.0,5217066,319.0
8255,537.48,Everest Insurance Co. Ltd.,181,2020-11-03,541.0,66,612.0,535.0,EIC,4436859.0,2020-11-03T14:56:52.229251,204.0,22455773,534.0,534.0,534.0,21026372,535.0
67157,621.15,First Micro Finance Development Bank Ltd.,490,2020-11-03,635.0,358,704.0,617.0,FMDBL,41714690.0,2020-11-03T14:59:20.374164,298.0,27100617,618.0,614.0,625.0,24110933,617.0
2627,1595.15,Forward Community Microfinance Bittiya Sanstha Ltd.,2758,2020-11-03,1644.0,50,2000.0,1586.0,FOWAD,4190448.0,2020-11-03T14:54:57.84037,1055.0,4695377,1581.0,1577.0,1612.0,3444908,1586.0
21379,268.4,Garima Bikas Bank Limited,417,2020-11-03,275.0,102,298.0,269.0,GBBL,5738212.0,2020-11-03T14:59:11.071842,183.0,38011474,270.0,265.0,266.0,31533525,269.0
107926,294.06,Global IME Bank Limited,341,2020-11-03,297.0,554,331.0,294.0,GBIME,31737217.0,2020-11-03T14:59:41.606722,211.0,120333227,291.0,278.0,278.0,174528692,294.0
250242,150.0,Global IME Bank Ltd. Promoter Share,511,2020-11-03,150.0,2,173.0,150.0,GBIMEP,37536300.0,2020-11-03T14:29:53.489983,148.0,4964210,150.0,150.0,150.0,5142004,150.0
30209,564.4,Grameen Bikas Laghubitta Bittiya Sanstha Ltd.,583,2020-11-03,577.0,247,663.0,558.0,GBLBS,17049925.0,2020-11-03T14:59:38.466281,282.0,33030299,567.0,557.0,577.0,24327730,558.0
5809,198.87,Goodwill Finance Co. Ltd.,232,2020-11-03,204.0,50,208.0,201.0,GFCL,1155260.0,2020-11-03T14:59:53.36991,124.0,10305963,195.0,197.0,198.0,7654406,201.0
545,852.66,Ghodighoda Laghubitta Bittiya Sanstha Ltd.,2852,2020-11-03,865.0,23,1019.0,849.0,GGBSL,464700.0,2020-11-03T14:59:49.026169,329.0,2507713,849.0,838.0,864.0,659326,849.0
3660,126.81,Ghalemdi Hydro Limited,2806,2020-11-03,130.0,87,155.0,127.0,GHL,464130.0,2020-11-03T14:56:32.358366,49.0,4918023,130.0,124.0,128.0,1356548,127.0
36209,527.27,General Insurance Company Nepal Ltd,2905,2020-11-03,549.0,1944,647.0,540.0,GIC,19091803.0,2020-11-03T14:59:29.370525,305.0,35442633,525.0,518.0,525.0,2178979,540.0
3632,1301.2,Global IME Laghubitta Bittiya Sanstha Ltd.,705,2020-11-03,1318.0,53,1690.0,1310.0,GILB,4725952.0,2020-11-03T14:57:01.867241,709.0,4412697,1298.0,1234.0,1234.0,2982859,1310.0
126300,10.18,Global IME Samunnat Scheme-1,1740,2020-11-03,10.21,22,10.21,10.01,GIMES1,1285863.0,2020-11-03T14:11:39.286304,6.92,28220214,9.87,10.01,10.05,26443492,10.01
4127,802.97,Gurans Laghubitta Bittiya Sanstha Limited,2826,2020-11-03,824.0,94,1029.0,792.0,GLBSL,3313858.0,2020-11-03T14:58:21.458334,371.0,2850004,785.0,788.0,824.0,1445293,792.0
77530,606.97,Gurans Life Insurance Company Ltd.,447,2020-11-03,610.0,522,1077.0,606.0,GLICL,47058134.0,2020-11-03T14:59:23.629012,340.0,21433815,617.0,600.0,605.0,17848886,606.0
2193,856.61,Ganapati Microfinance Bittiya Sanstha Limited,2815,2020-11-03,887.0,73,1070.0,859.0,GMFBS,1878539.0,2020-11-03T14:59:50.474428,445.0,4193037,854.0,842.0,850.0,1959988,859.0
1715,187.3,Guheshowori Merchant Bank & Finance Co. Ltd.,263,2020-11-03,188.0,13,197.0,185.0,GMFIL,321220.0,2020-11-03T14:37:40.104997,110.0,7190558,185.0,184.0,188.0,8195260,185.0
2656,156.2,Green Development Bank Ltd.,2744,2020-11-03,158.0,19,174.0,157.0,GRDBL,414857.0,2020-11-03T14:58:05.983344,98.0,8228145,159.0,156.0,157.0,5801967,157.0
3045,151.5,Gurkhas Finance Ltd.,204,2020-11-03,154.0,15,174.0,153.0,GUFL,461325.0,2020-11-03T14:55:06.628898,104.0,12676445,151.0,151.0,154.0,10768281,153.0
5442,593.08,Himalayan Bank Limited,134,2020-11-03,598.0,63,735.0,593.0,HBL,3227563.0,2020-11-03T14:59:46.739152,452.0,13781965,600.0,589.0,598.0,11140816,593.0
114057,141.23,Himal Dolakha Hydropower Company Limited,2880,2020-11-03,144.0,243,154.0,142.0,HDHPC,16108449.0,2020-11-03T14:59:59.745997,81.0,64392698,142.0,139.0,144.0,75111359,142.0
4703,1875.86,Himalayan Distillery Limited,235,2020-11-03,1889.0,60,1989.0,1875.0,HDL,8822165.0,2020-11-03T14:59:53.705148,1123.0,21695326,1876.0,1870.0,1889.0,30876932,1875.0
5602,505.94,Himalayan General Insurance Co. Ltd,179,2020-11-03,507.0,43,550.0,506.0,HGI,2834253.0,2020-11-03T14:59:54.025162,232.0,19518586,507.0,503.0,503.0,16349974,506.0
280004,227.5,Hydorelectricity Investment and Development Company Ltd,2742,2020-11-03,233.0,642,238.0,229.0,HIDCL,63700892.0,2020-11-03T14:59:43.849553,116.0,82417492,226.0,221.0,229.0,49124603,229.0
11590,210.33,Himalayan Power Partner Ltd.,2767,2020-11-03,215.0,125,234.0,214.0,HPPL,2437720.0,2020-11-03T14:55:46.680975,120.0,13377619,213.0,209.0,212.0,4459576,214.0
29725,198.13,Himalaya Urja Bikas Company Limited,2824,2020-11-03,202.0,124,212.0,195.0,HURJA,5889320.0,2020-11-03T14:58:42.070323,85.0,13439174,196.0,194.0,195.0,3635844,195.0
26898,313.62,ICFC Finance Limited,273,2020-11-03,317.0,87,317.0,313.0,ICFC,8435745.0,2020-11-03T14:59:20.055724,145.0,20448710,310.0,310.0,310.0,12689775,313.0
34299,528.72,IME General Insurance Ltd.,186,2020-11-03,540.0,55,606.0,538.0,IGI,18134449.0,2020-11-03T14:58:30.784778,253.0,7921632,527.0,525.0,535.0,7483763,538.0
4056,862.64,Infinity Laghubitta Bittiya Sanstha Limited,2832,2020-11-03,880.0,121,1000.0,860.0,ILBS,3498855.0,2020-11-03T14:59:21.255997,434.0,8030803,846.0,846.0,846.0,3705087,860.0
46001,211.78,Jyoti Bikas Bank Limited,418,2020-11-03,215.0,176,224.0,211.0,JBBL,9742224.0,2020-11-03T14:59:30.942986,148.0,51875839,214.0,211.0,213.0,38731966,211.0
7710,219.47,Janaki Finance Ltd.,250,2020-11-03,222.0,39,235.0,220.0,JFL,1692140.0,2020-11-03T14:58:23.511099,153.0,7656941,219.0,218.0,220.0,6804983,220.0
3560,124.56,Joshi Hydropower Development Company Ltd,2789,2020-11-03,126.0,117,148.0,125.0,JOSHI,443420.0,2020-11-03T14:59:47.076354,45.28,8660700,128.0,122.0,126.0,3286273,125.0
1376,1405.43,Janautthan Samudayic Laghubitta Bikas Bank Ltd.,695,2020-11-03,1422.0,37,2050.0,1414.0,JSLBB,1933874.0,2020-11-03T14:58:23.64579,988.0,2298448,1373.0,1395.0,1395.0,2009585,1414.0
77266,236.61,Kumari Bank Limited,142,2020-11-03,238.0,226,250.0,236.0,KBL,18282175.0,2020-11-03T14:59:38.892192,153.0,125984717,236.0,233.0,233.0,102850878,236.0
1767,119.43,Khanikhola Hydropower Co. Ltd.,2751,2020-11-03,122.0,66,147.0,120.0,KKHC,211031.0,2020-11-03T14:58:59.972912,44.0,5726287,122.0,116.0,120.0,1659364,120.0
11169,771.83,Kalika Microcredit Development Bank Ltd.,593,2020-11-03,781.0,142,1188.0,779.0,KMCDB,8620617.0,2020-11-03T14:59:15.743777,666.0,6420154,768.0,766.0,780.0,2838858,779.0
15975,185.71,Kalika power Company Ltd,2787,2020-11-03,191.0,245,208.0,187.0,KPCL,2966765.0,2020-11-03T14:59:59.837929,77.0,16541998,182.0,178.0,179.0,4573171,187.0
5695,143.94,Karnali Development Bank Limited,428,2020-11-03,147.0,36,164.0,143.0,KRBL,819734.0,2020-11-03T14:59:44.31087,95.0,9684904,143.0,143.0,145.0,7751401,143.0
84891,235.44,Kamana Sewa Bikas Bank Limited,459,2020-11-03,239.0,168,244.0,238.0,KSBBL,19987005.0,2020-11-03T14:59:35.858546,131.0,45917029,236.0,233.0,236.0,31136997,238.0
46675,221.11,Lumbini Bikas Bank Ltd.,358,2020-11-03,223.0,144,234.0,220.0,LBBL,10320540.0,2020-11-03T14:59:55.896224,166.0,46231926,223.0,220.0,221.0,37413595,220.0
21452,272.2,Laxmi Bank Limited,141,2020-11-03,275.0,93,299.0,272.0,LBL,5839217.0,2020-11-03T14:59:49.186591,184.0,47155712,273.0,271.0,272.0,37868855,272.0
10115,205.5,Liberty Energy Company Limited,2903,2020-11-03,210.0,358,330.0,206.0,LEC,2078615.0,2020-11-03T14:59:52.589818,194.0,23532452,204.0,203.0,210.0,2763212,206.0
70000,9.4,Laxmi Equity Fund,2765,2020-11-03,9.55,21,9.55,9.54,LEMF,658090.0,2020-11-03T14:52:22.066933,6.67,36443443,9.11,9.29,9.29,13314633,9.54
9304,526.96,Lumbini General Insurance Co. Ltd.,190,2020-11-03,529.0,39,604.0,529.0,LGIL,4902821.0,2020-11-03T14:59:23.416946,290.0,21921914,527.0,525.0,527.0,16462290,529.0
3272,1501.97,Life Insurance Co. Nepal,188,2020-11-03,1510.0,26,1755.0,1504.0,LICN,4914437.0,2020-11-03T14:59:23.464495,892.0,8698628,1503.0,1500.0,1504.0,8144670,1504.0
3074,1192.76,Laxmi Laghubitta Bittiya Sanstha Ltd.,618,2020-11-03,1210.0,47,1375.0,1181.0,LLBS,3666550.0,2020-11-03T14:59:12.104189,563.0,3422142,1187.0,1172.0,1205.0,2517185,1181.0
33700,9.11,Laxmi Unnati Kosh,2902,2020-11-03,9.25,37,10.0,9.21,LUK,306989.0,2020-11-03T14:59:54.654506,8.48,8372921,9.01,9.0,9.0,2075880,9.21
31090,230.71,Machhapuchhre Bank Limited,140,2020-11-03,232.0,115,295.0,232.0,MBL,7172803.0,2020-11-03T14:59:47.574069,199.0,68500527,231.0,230.0,231.0,80507259,232.0
3215,385.51,Miteri Development Bank Limited,371,2020-11-03,390.0,29,475.0,384.0,MDB,1239413.0,2020-11-03T14:59:01.418436,235.0,7302466,385.0,384.0,390.0,5777794,384.0
64087,238.25,Mega  Bank Nepal Ltd.,562,2020-11-03,241.0,217,279.0,237.0,MEGA,15268500.0,2020-11-03T14:59:36.967272,177.0,181713346,239.0,237.0,239.0,91977780,237.0
16688,777.89,Mero Microfinance Bittiya Sanstha Ltd.,1741,2020-11-03,790.0,142,834.0,770.0,MERO,12981419.0,2020-11-03T14:59:46.917413,402.0,11985577,778.0,770.0,790.0,9477583,770.0
23062,329.51,Manjushree Finance Ltd.,516,2020-11-03,333.0,58,354.0,329.0,MFIL,7599170.0,2020-11-03T14:58:38.659034,124.0,30803325,329.0,329.0,333.0,22200536,329.0
15095,201.41,Mountain Hydro Nepal Limited,2811,2020-11-03,205.0,125,207.0,202.0,MHNL,3040340.0,2020-11-03T14:59:35.401774,74.0,7594608,202.0,195.0,198.0,2523423,202.0
3895,819.04,Mithila LaghuBitta Bittiya Sanstha Limited,601,2020-11-03,835.0,53,944.0,817.0,MLBBL,3190154.0,2020-11-03T14:59:56.861476,415.0,1926306,818.0,810.0,820.0,1570381,817.0
24571,231.7,Mahalaxmi Bikas Bank Ltd.,401,2020-11-03,234.0,89,255.0,229.0,MLBL,5692995.0,2020-11-03T14:59:21.216241,167.0,26925257,235.0,229.0,232.0,21367152,229.0
8506,949.15,Mirmire Microfinance Development Bank Ltd.,682,2020-11-03,969.0,112,1056.0,941.0,MMFDB,8073448.0,2020-11-03T14:59:45.966469,620.0,2678936,936.0,936.0,950.0,1294055,941.0
49591,372.56,Muktinath Bikas Bank Ltd.,474,2020-11-03,375.0,160,409.0,372.0,MNBBL,18475450.0,2020-11-03T14:59:44.689668,268.0,37412609,373.0,370.0,373.0,36644017,372.0
4781,143.19,Multipurpose Finance Company  Limited,471,2020-11-03,144.0,26,162.0,144.0,MPFL,684582.0,2020-11-03T14:59:08.218515,98.0,7223019,142.0,141.0,141.0,6215608,144.0
1176,727.2,Mahila Sahayatra Microfinance Bittiya Sanstha Ltd.,691,2020-11-03,745.0,29,988.0,720.0,MSMBS,855186.0,2020-11-03T14:53:15.977728,437.0,2019889,720.0,720.0,725.0,1243989,720.0
15950,886.09,Nabil Bank Limited,131,2020-11-03,897.0,172,1000.0,888.0,NABIL,14133088.0,2020-11-03T14:59:36.149791,594.0,30371663,886.0,884.0,897.0,38219055,888.0
12219,752.6,Nadep Laghubittiya bittya Sanstha Ltd.,2784,2020-11-03,768.0,159,857.0,745.0,NADEP,9196003.0,2020-11-03T14:59:40.683275,377.0,9994818,740.0,740.0,750.0,6870869,745.0
68041,228.4,Nepal Bangladesh Bank Limited,136,2020-11-03,231.0,212,270.0,227.0,NBB,15540478.0,2020-11-03T14:59:58.673041,169.0,68108251,229.0,226.0,228.0,56501164,227.0
53770,9.5,NABIL BALANCED FUND-2,2835,2020-11-03,9.55,38,10.39,9.54,NBF2,510732.0,2020-11-03T14:54:25.498122,8.05,33176664,9.25,9.1,9.1,16769290,9.54
88171,336.69,Nepal Bank Limited,517,2020-11-03,340.0,271,356.0,337.0,NBL,29686362.0,2020-11-03T14:59:58.462966,214.0,275968775,336.0,333.0,333.0,268361754,337.0
44739,233.39,Nepal Credit And Commercial Bank Limited,144,2020-11-03,235.0,143,246.0,235.0,NCCB,10441842.0,2020-11-03T14:59:58.613747,163.0,153240760,234.0,231.0,232.0,108343085,235.0
9729,114.0,Nepal Credit & Commercial Bank Ltd. Promoter Share,327,2020-11-03,114.0,1,126.0,114.0,NCCBPO,1109106.0,2020-11-03T11:50:28.169571,114.0,1725318,114.0,114.0,114.0,2255124,114.0
348428,9.45,Nabil Equity Fund,2753,2020-11-03,9.75,90,9.88,9.5,NEF,3293662.13,2020-11-03T14:59:38.63858,7.21,67464448,9.1,9.2,9.2,46969575,9.5
10118,297.81,Nepal Finance Ltd.,194,2020-11-03,305.0,91,366.0,292.0,NFS,3013203.0,2020-11-03T14:59:23.263295,119.0,4823830,295.0,290.0,300.0,3866669,292.0
33376,208.8,Ngadi Group Power Ltd.,2743,2020-11-03,212.0,131,230.0,209.0,NGPL,6968830.0,2020-11-03T14:59:05.705457,98.0,20217968,206.0,204.0,204.0,12833829,209.0
3524,246.29,Nepal Hydro Developers Ltd.,2769,2020-11-03,255.0,53,260.0,248.0,NHDL,867916.0,2020-11-03T14:57:53.985859,94.0,3383155,247.0,243.0,245.0,1115153,248.0
125463,111.3,National Hydro Power Company Limited,152,2020-11-03,114.0,201,133.0,112.0,NHPC,13964390.0,2020-11-03T14:59:58.081909,49.0,101421290,112.0,110.0,114.0,115070487,112.0
27895,428.99,Nepal Investment Bank Limited,132,2020-11-03,434.0,207,532.0,430.0,NIB,11966808.0,2020-11-03T14:59:57.530181,335.0,42542109,431.0,428.0,433.0,43115211,430.0
73127,9.74,NIBL Pragati Fund,2755,2020-11-03,9.86,43,9.86,9.85,NIBLPF,712434.19,2020-11-03T14:20:19.011243,6.54,40692375,9.31,9.49,9.49,14466150,9.85
10561,375.69,Nepal Investment Bank Ltd. Promoter Share,469,2020-11-03,380.0,31,425.0,375.0,NIBPO,3967673.0,2020-11-03T14:59:49.429873,306.0,18303695,378.0,374.0,371.0,18796640,375.0
139576,10.08,NIBL Samriddhi Fund 1,636,2020-11-03,10.1,20,11.11,10.02,NIBSF1,1407027.6,2020-11-03T13:34:45.61936,8.1,51606329,9.93,9.9,10.09,51807323,10.02
134689,619.57,NIC Asia Bank Ltd.,139,2020-11-03,623.0,372,680.0,619.0,NICA,83448967.0,2020-11-03T14:59:47.74508,396.0,101672246,618.0,615.0,618.0,98108843,619.0
1140,1148.14,11% NIC Asia Debenture 082/83,2869,2020-11-03,1155.0,8,1155.0,1155.0,NICAD8283,1308885.0,2020-11-03T14:59:54.845104,980.0,406635,1120.0,1140.0,1140.0,151454,1155.0
25200,9.5,NIC Asia Balanced Fund,2863,2020-11-03,9.76,18,10.38,9.76,NICBF,239421.0,2020-11-03T14:35:26.658042,8.5,18738924,9.21,9.21,9.39,3765080,9.76
25,1071.0,10.25% NIC Asia Debenture 2083/84,2868,2020-11-03,1071.0,1,1071.0,1071.0,NICD83/84,26775.0,2020-11-03T11:41:59.831953,1000.0,90111,1050.0,1071.0,1071.0,14980,1071.0
87110,9.99,NIC Asia Growth Fund,2779,2020-11-03,10.05,31,11.24,9.88,NICGF,870508.0,2020-11-03T14:58:37.919878,8.38,58033708,9.88,9.83,9.99,29452516,9.88
24752,550.87,Nepal Insurance Co. Ltd.,176,2020-11-03,556.0,64,596.0,550.0,NICL,13635042.0,2020-11-03T14:59:56.506833,235.0,60263468,550.0,549.0,556.0,34779872,550.0
8813,818.36,Neco Insurance Co. Ltd.,183,2020-11-03,829.0,69,854.0,817.0,NIL,7212195.0,2020-11-03T14:59:31.623684,369.0,49523468,814.0,814.0,829.0,42331577,817.0
7104,808.96,Nerude Laghubita Bikas Bank Limited,396,2020-11-03,826.0,60,971.0,800.0,NLBBL,5746885.0,2020-11-03T14:59:38.180105,477.0,7714152,811.0,800.0,820.0,6890845,800.0
2826,1064.08,NRN Lagubitta Bittiya Sanstha Limited,694,2020-11-03,1076.0,46,1421.0,1060.0,NLBSL,3007082.0,2020-11-03T14:59:52.685839,669.62,5735583,1050.0,1056.0,1071.0,577075,1060.0
6203,716.96,NLG Insurance Company Ltd.,559,2020-11-03,721.0,60,900.0,719.0,NLG,4447329.0,2020-11-03T14:53:46.736559,482.0,8756075,718.0,709.0,720.0,6915011,719.0
19968,1412.8,Nepal Life Insurance Co. Ltd.,187,2020-11-03,1417.0,234,1510.0,1412.0,NLIC,28210870.0,2020-11-03T14:59:47.258056,776.0,53715399,1408.0,1410.0,1413.0,53716314,1412.0
16821,780.18,National Life Insurance Co. Ltd.,178,2020-11-03,795.0,81,885.0,780.0,NLICL,13123408.0,2020-11-03T14:59:46.77527,407.0,31758020,783.0,776.0,778.0,22823646,780.0
82561,422.46,NMB Bank Limited,238,2020-11-03,424.0,316,517.0,422.0,NMB,34878865.0,2020-11-03T14:59:51.980736,321.0,108932778,423.0,420.0,424.0,118988640,422.0
41100,9.71,NMB 50,2867,2020-11-03,9.85,21,10.0,9.81,NMB50,399231.0,2020-11-03T14:57:27.741994,9.0,14428807,9.46,9.5,9.5,2210940,9.81
83545,9.71,NMB Hybrid Fund L-1,2752,2020-11-03,9.89,31,10.44,9.65,NMBHF1,810986.34,2020-11-03T14:19:06.113423,8.1,70313662,9.43,9.44,9.45,47029797,9.65
5533,856.25,NMB  Microfinance Bittiya Sanstha Ltd.,704,2020-11-03,870.0,70,1182.0,854.0,NMBMF,4737649.0,2020-11-03T14:56:57.789218,475.0,4201355,849.0,852.0,864.0,3720941,854.0
2818,1609.75,National Microfinance Bittiya Sanstha Ltd.,2746,2020-11-03,1635.0,46,2225.0,1614.0,NMFBS,4536276.0,2020-11-03T14:59:40.27438,1049.0,1990504,1609.0,1590.0,1635.0,1240802,1614.0
47681,864.27,Nepal Reinsurance Company Limited,2881,2020-11-03,869.0,736,942.0,863.0,NRIC,41209073.0,2020-11-03T14:59:56.43399,315.0,138297337,861.0,857.0,862.0,72695637,863.0
9276,345.04,NRN Infrastructure and Development Limited,2898,2020-11-03,350.0,501,590.0,345.0,NRN,3200632.0,2020-11-03T14:59:55.66134,306.0,48490294,347.0,341.0,341.0,9565986,345.0
1050,728.15,Nepal Seva Laghubitta Bittiya Sanstha Ltd.,2781,2020-11-03,740.0,24,952.0,718.0,NSEWA,764560.0,2020-11-03T14:55:34.581865,368.0,1791877,735.0,718.0,726.0,919797,718.0
134844,743.98,Nepal Doorsanchar Comapany Limited,307,2020-11-03,757.0,233,790.0,751.0,NTC,100321532.0,2020-11-03T14:59:45.225905,576.0,33556649,727.0,726.0,730.0,17167937,751.0
6583,1037.45,Nirdhan Utthan Laghubitta Bittiya Sanstha Limited,163,2020-11-03,1050.0,114,1248.0,1030.0,NUBL,6829550.0,2020-11-03T14:59:53.797525,752.0,7625622,1025.0,1025.0,1035.0,6137783,1030.0
2254,373.28,Oriental Hotels Limited,149,2020-11-03,376.0,26,569.0,374.0,OHL,841372.0,2020-11-03T14:57:13.952019,260.0,11455554,375.0,370.0,374.0,10611514,374.0
234003,343.79,Prime Commercial Bank Ltd.,357,2020-11-03,349.0,562,352.0,341.0,PCBL,80449003.0,2020-11-03T14:59:58.841853,221.0,94901279,345.0,341.0,345.0,68570650,341.0
9647,193.15,Pokhara Finance Ltd.,236,2020-11-03,195.0,82,214.0,193.0,PFL,1863305.0,2020-11-03T14:59:41.472009,129.0,11079568,191.0,188.0,188.0,5940122,193.0
10503,783.69,Premier Insurance Co. Ltd.,182,2020-11-03,790.0,113,849.0,780.0,PIC,8231061.0,2020-11-03T14:58:42.630454,329.0,26185160,784.0,775.0,789.0,18471908,780.0
16642,527.08,Prudential Insurance Co. Ltd.,189,2020-11-03,535.0,78,765.0,530.0,PICL,8771672.0,2020-11-03T14:58:17.314761,349.0,9204758,525.0,520.0,520.0,8462857,530.0
25426,672.76,Prime Life Insurance Company Limited,393,2020-11-03,680.0,109,728.0,671.0,PLIC,17105618.0,2020-11-03T14:59:44.817489,297.0,26063465,669.0,666.0,680.0,23350728,671.0
6870,142.21,Panchakanya Mai Hydropower Ltd,2786,2020-11-03,146.0,165,170.0,146.0,PMHPL,976990.0,2020-11-03T14:59:39.231686,69.0,13216903,143.0,139.0,141.0,2930827,146.0
45343,196.08,Panchthar Power Compant Limited,2813,2020-11-03,203.0,302,208.0,203.0,PPCL,8890719.0,2020-11-03T14:59:57.484568,91.0,16408401,185.0,182.0,183.0,4819363,203.0
11123,602.63,Prabhu Insurance Ltd.,184,2020-11-03,615.0,65,642.0,598.0,PRIN,6703098.0,2020-11-03T14:58:54.277866,292.0,31485913,597.0,598.0,605.0,23596961,598.0
32633,141.43,ProgressiveFinance Limited,338,2020-11-03,146.0,89,151.0,139.0,PROFL,4615244.0,2020-11-03T14:59:35.771698,93.0,8102365,140.0,136.0,138.0,9691173,139.0
182511,263.36,Prabhu  Bank Limited,255,2020-11-03,266.0,416,292.0,262.0,PRVU,48065793.0,2020-11-03T14:59:42.832107,195.0,149152283,261.0,250.0,250.0,169918706,262.0
1530,278.02,Radhi Bidyut Company Ltd,2776,2020-11-03,285.0,60,310.0,282.0,RADHI,425372.0,2020-11-03T14:59:34.311113,130.0,5495840,281.0,276.0,285.0,1904986,282.0
2031,13565.5,Rastriya Beema Company Limited,177,2020-11-03,14025.0,155,14025.0,13752.0,RBCL,27551528.0,2020-11-03T14:59:50.777381,7840.0,751288,12750.0,12651.0,12651.0,562755,13752.0
3954,12375.54,Rastriya Beema Company Limited Promoter Share,634,2020-11-03,12750.0,125,12750.0,12645.0,RBCLPO,48932885.0,2020-11-03T14:59:36.27975,6780.0,827336,11600.0,11799.0,11799.0,731515,12645.0
29137,183.32,Ridi Hydropower Development Company Ltd.,610,2020-11-03,186.0,118,206.0,184.0,RHPC,5341433.0,2020-11-03T14:59:01.988587,68.57,30582708,184.0,181.0,183.0,22228569,184.0
24016,216.11,RASUWAGADHI HYDROPOWER COMPANY LIMITED,2841,2020-11-03,219.0,300,245.0,218.0,RHPL,5190043.0,2020-11-03T14:59:52.261268,136.0,102835519,220.0,215.0,216.0,25688248,218.0
19258,179.8,Reliance Finance Ltd.,587,2020-11-03,182.0,45,205.0,180.0,RLFL,3462638.0,2020-11-03T14:59:04.750102,106.0,13963257,182.0,179.0,179.0,11320930,180.0
24904,585.26,Reliance Life Insurance Limited,2900,2020-11-03,590.0,1553,726.0,589.0,RLI,14575236.0,2020-11-03T14:59:55.035848,322.0,86965327,582.0,572.0,585.0,6751198,589.0
23386,892.21,RMDC Laghubitta Bittiya Sanstha Ltd.,575,2020-11-03,905.0,175,915.0,883.0,RMDC,20865293.0,2020-11-03T14:59:57.667952,525.0,14574512,891.0,883.0,902.0,10989461,883.0
5247,217.3,Rairang Hydropower Development Company Ltd.,2783,2020-11-03,223.0,132,235.0,221.0,RRHP,1140190.0,2020-11-03T14:59:33.918195,86.0,11234526,219.0,214.0,222.0,2276815,221.0
16947,581.79,RSDC Laghubitta Bittiya Sanstha Ltd.,2748,2020-11-03,598.0,146,703.0,576.0,RSDC,9859599.0,2020-11-03T14:58:40.373304,273.0,11099104,579.0,570.0,590.0,9450014,576.0
1738,885.2,SABAIKO LAGHUBITTA BITTIYA SANSTHA LIMITED,2843,2020-11-03,910.0,68,1050.0,896.0,SABSL,1538473.0,2020-11-03T14:58:51.215011,445.0,6808520,905.0,872.0,910.0,2732113,896.0
23533,184.54,Shangrila Development Bank Ltd.,472,2020-11-03,187.0,62,205.0,184.0,SADBL,4342712.0,2020-11-03T14:59:40.979718,132.0,26543001,187.0,183.0,187.0,21419200,184.0
80600,10.23,Sanima Equity Fund,2773,2020-11-03,10.35,42,10.79,10.33,SAEF,824349.0,2020-11-03T14:59:39.932367,8.1,70549033,9.97,10.16,10.16,43017982,10.33
50,1072.0,Sanima Bank Limited Debenture,2828,2020-11-03,1072.0,2,1072.0,1072.0,SAND2085,53600.0,2020-11-03T13:45:32.756611,917.0,217242,1051.0,1072.0,1072.0,91220,1072.0
47826,320.21,Sanima Bank Limited,171,2020-11-03,326.0,268,437.0,320.0,SANIMA,15314485.0,2020-11-03T14:59:16.406208,287.0,55332635,322.0,318.0,325.0,52456543,320.0
6046,165.29,Saptakoshi Development Bank Ltd,2860,2020-11-03,170.0,22,181.0,167.0,SAPDBL,999328.0,2020-11-03T14:57:47.726402,102.0,7181314,167.0,164.0,170.0,4548293,167.0
11213,429.87,Nepal SBI Bank Limited,135,2020-11-03,432.0,81,583.0,430.0,SBI,4820148.0,2020-11-03T14:59:54.05123,344.0,19407668,431.0,428.0,430.0,18694435,430.0
41599,339.72,Siddhartha Bank Limited,145,2020-11-03,345.0,163,393.0,339.0,SBL,14132060.0,2020-11-03T14:59:48.521953,252.0,54531891,342.0,338.0,345.0,47791518,339.0
25,1053.0,10.50% SBL Debenture 2082,2872,2020-11-03,1053.0,1,1053.0,1053.0,SBLD2082,26325.0,2020-11-03T13:07:05.854238,959.0,241624,1033.0,1053.0,1053.0,55778,1053.0
21681,648.22,Standard Chartered Bank Limited,133,2020-11-03,654.0,210,850.0,647.0,SCB,14054148.0,2020-11-03T14:59:31.201763,505.0,21470682,651.0,646.0,654.0,18507510,647.0
5975,859.74,Sadhana Laghubitta Bittiya Sanstha Limited,2896,2020-11-03,877.0,198,927.0,858.0,SDLBSL,5136960.0,2020-11-03T14:59:44.579217,390.0,10177023,862.0,846.0,850.0,1038881,858.0
573840,9.91,Siddhartha Equity Fund,2770,2020-11-03,10.1,68,10.18,9.8,SEF,5684395.4,2020-11-03T14:57:46.036409,8.33,93213327,9.55,9.52,9.6,54841406,9.8
2996,139.14,Samriddhi Finance Company Limited,256,2020-11-03,140.0,18,168.0,138.0,SFCL,416867.0,2020-11-03T14:52:47.727554,90.0,4908715,138.0,137.0,137.0,5110650,138.0
1100,9.23,Sunrise First Mutual Fund,2877,2020-11-03,9.31,2,10.0,9.31,SFMF,10151.0,2020-11-03T14:41:06.256593,9.0,8476982,9.39,9.22,9.22,593740,9.31
21491,269.91,Shine Resunga Development Bank Ltd.,473,2020-11-03,274.0,113,337.0,270.0,SHINE,5800662.0,2020-11-03T14:58:51.813032,205.0,25865369,273.0,269.0,273.0,24448523,270.0
42630,738.93,SHIVAM CEMENTS LTD,2809,2020-11-03,750.0,190,850.0,739.0,SHIVM,31500625.0,2020-11-03T14:59:58.537519,351.0,112501782,745.0,730.0,750.0,79677157,739.0
9458,186.03,Soaltee Hotel Limited,147,2020-11-03,189.0,33,223.0,186.0,SHL,1759519.0,2020-11-03T14:59:11.734081,138.0,38390022,186.0,185.0,189.0,36047755,186.0
117789,341.24,Sanima Mai Hydropower Ltd.,591,2020-11-03,343.0,123,364.0,343.0,SHPC,40194018.0,2020-11-03T14:59:42.008103,165.0,52761656,342.0,340.0,340.0,41086173,343.0
2159,912.76,Sagarmatha Insurance Co. Ltd.,185,2020-11-03,920.0,40,998.0,918.0,SIC,1970646.0,2020-11-03T14:59:52.640711,414.0,7493301,914.0,905.0,905.0,6709673,918.0
24244,1389.45,Shikhar Insurance Co. Ltd.,192,2020-11-03,1398.0,135,1415.0,1396.0,SICL,33685927.0,2020-11-03T14:59:59.243258,725.0,23418476,1380.0,1375.0,1380.0,19829097,1396.0
58180,207.23,Shree Investment Finance Co. Ltd.,244,2020-11-03,211.0,135,220.0,209.0,SIFC,12056642.0,2020-11-03T14:59:39.905596,139.0,8880586,202.0,202.0,204.0,7520075,209.0
4895,762.9,Siddhartha Insurance Ltd.,280,2020-11-03,800.0,44,820.0,764.0,SIL,3734411.0,2020-11-03T14:57:42.316722,351.0,21231864,762.0,760.0,800.0,13839607,764.0
6298,162.45,Sindhu Bikash Bank Ltd,561,2020-11-03,165.0,23,178.0,162.0,SINDU,1023084.0,2020-11-03T14:59:12.83682,116.0,7833918,163.0,161.0,164.0,8948575,162.0
22080,202.85,SANJEN JALAVIDHYUT COMPANY LIMITED,2842,2020-11-03,205.0,342,222.0,204.0,SJCL,4478971.0,2020-11-03T14:59:48.47565,125.0,68626746,201.0,198.0,198.0,15958521,204.0
14425,1423.48,Sana Kisan Bikas Bank Ltd,574,2020-11-03,1448.0,119,1450.0,1428.0,SKBBL,20533705.0,2020-11-03T14:59:56.167525,775.0,12594778,1420.0,1414.0,1448.0,9983544,1428.0
17363,899.45,Swarojgar Laghu Bitta Bikas Bank Ltd.,545,2020-11-03,915.0,135,1070.0,892.0,SLBBL,15617089.0,2020-11-03T14:59:48.095679,464.0,8422639,900.0,883.0,910.0,7908931,892.0
713,969.64,Suryodaya Laghubitta Bittiya Sanstha Ltd.,2750,2020-11-03,979.0,25,1167.0,975.0,SLBS,691353.0,2020-11-03T14:59:46.417639,548.87,1285936,969.0,962.0,979.0,754682,975.0
3632,807.71,Samudayik Laghubitta Bittiya Sanstha Limited,2804,2020-11-03,832.0,79,1085.0,814.0,SLBSL,2933616.0,2020-11-03T14:56:57.081449,584.0,3660185,833.0,802.0,830.0,1698397,814.0
43058,628.26,Surya Life Insurance Company Limited,403,2020-11-03,632.0,218,655.0,629.0,SLICL,27051802.0,2020-11-03T14:59:51.175882,237.0,47554487,620.0,622.0,622.0,36748118,629.0
851,879.08,Support Microfinance Bittiya Sanstha Ltd.,2771,2020-11-03,897.0,35,1164.0,877.0,SMB,748099.0,2020-11-03T14:55:25.284838,396.0,1196532,865.0,870.0,870.0,722309,877.0
3075,1040.7,Swabhimaan Laghubitta Bittiya Sanstha Limited,2829,2020-11-03,1060.0,74,1384.0,1042.0,SMFBS,3200140.0,2020-11-03T14:58:06.83689,753.0,2654882,1035.0,1019.0,1050.0,1135180,1042.0
27945,924.7,Summit Laghubitta Bittiya Sanstha Limited,502,2020-11-03,942.0,238,942.0,942.0,SMFDB,25840801.0,2020-11-03T14:56:51.411936,499.0,1615166,857.0,870.0,870.0,1509159,942.0
29006,934.55,Sarathi Nepal Laghubitta Bittiya Sanstha Limited,592,2020-11-03,1008.0,333,1008.0,910.0,SNLB,27107505.0,2020-11-03T14:58:55.444223,422.0,1819815,917.0,890.0,935.0,1563246,910.0
38002,228.83,Synergy Power Development Ltd.,2759,2020-11-03,230.0,132,252.0,227.0,SPDL,8696040.0,2020-11-03T14:59:52.190001,72.0,24605648,229.0,227.0,228.0,12987013,227.0
35486,259.41,Sunrise Bank Limited,359,2020-11-03,262.0,142,316.0,260.0,SRBL,9205545.0,2020-11-03T14:59:22.121832,201.0,45284200,259.0,258.0,259.0,34011969,260.0
50,1075.0,10.25% Sunrise Bank Debenture 2083,2878,2020-11-03,1075.0,2,1075.0,1075.0,SRBLD83,53750.0,2020-11-03T14:51:05.882203,1000.0,89937,1066.0,1075.0,1075.0,15699,1075.0
346608,172.44,Shiva Shree Hydropower Ltd,2907,2020-11-03,174.0,1098,174.0,174.0,SSHL,59769894.0,2020-11-03T14:59:54.828691,120.0,17475779,159.0,158.0,166.0,62176422,174.0
1044,3825.46,Salt Trading Corporation,155,2020-11-03,3869.0,30,3869.0,3869.0,STC,3993776.0,2020-11-03T14:59:51.833209,658.0,8369115,3725.0,3799.0,3799.0,1722369,3869.0
14811,1326.05,Swabalamban Laghubitta Bittiya Sanstha Limited,268,2020-11-03,1335.0,113,1476.0,1324.0,SWBBL,19640182.0,2020-11-03T14:59:38.347162,802.0,9109095,1320.0,1315.0,1317.0,6329619,1324.0
16214,252.13,Taragaon Regency Hotel Limited,148,2020-11-03,258.0,53,335.0,254.0,TRH,4087962.0,2020-11-03T14:58:22.449409,167.0,15977946,249.0,248.0,251.0,12478257,254.0
1022,243.18,United Finance Ltd.,242,2020-11-03,244.0,12,277.0,243.0,UFL,248532.0,2020-11-03T14:55:28.870059,161.0,5483379,242.0,243.0,243.0,6580987,243.0
13148,432.06,United Insurance Co. (Nepal) Ltd.,180,2020-11-03,438.0,77,490.0,430.0,UIC,5680738.0,2020-11-03T14:57:45.274515,212.0,24176842,431.0,430.0,437.0,22268805,430.0
14576,167.35,United Modi Hydropower Ltd.,2760,2020-11-03,169.0,94,191.0,166.0,UMHL,2439300.0,2020-11-03T14:59:52.01192,96.0,16740094,167.0,165.0,166.0,9740304,166.0
12759,120.73,Union Hydropower Limited,2831,2020-11-03,129.0,104,144.0,120.0,UNHPL,1540380.0,2020-11-03T14:59:51.976078,48.02,9343454,123.0,119.0,129.0,5318270,120.0
30,18336.67,Unilever Nepal Limited,219,2020-11-03,18360.0,3,23345.0,18300.0,UNL,550100.0,2020-11-03T14:48:12.928221,17185.0,71236,18000.0,18300.0,18360.0,117455,18300.0
50344,139.56,UNIVERSAL POWER COMPANY LTD,2810,2020-11-03,141.0,194,160.0,140.0,UPCL,7026146.0,2020-11-03T14:59:10.350238,66.0,53655401,140.0,138.0,139.0,28097489,140.0
58745,296.94,Upper Tamakoshi Hydropower Ltd,2792,2020-11-03,299.0,313,307.0,299.0,UPPER,17443545.0,2020-11-03T14:59:53.39843,194.0,170819734,297.0,295.0,295.0,63351648,299.0
1110,1123.89,Unnati Sahakarya Laghubitta Bittiya Sanstha Limited,2774,2020-11-03,1150.0,29,1327.0,1120.0,USLB,1247519.0,2020-11-03T14:53:02.821225,633.48,2679433,1130.0,1117.0,1145.0,696888,1120.0
990,971.85,Vijaya laghubitta Bittiya Sanstha Ltd.,687,2020-11-03,988.0,19,1325.0,962.0,VLBS,962129.0,2020-11-03T14:53:15.582883,554.0,3175244,970.0,961.0,988.0,2279554,962.0
