open_price,high_price,prev_closing,volume,symbol,low_price,per_change,change_price,ltv,ltp,trans_date
96,101,92,249472,UPCL,96,8.7,8.00,72,100.00,2020-09-07 14:00:58
885,885,848,4520,SLBBL,838,0.35,-3.00,28,845.00,2020-09-07 14:00:58
122,125,124,2390,GUFL,120,0.81,1.00,100,125.00,2020-09-07 14:00:58
429,429,427,53153,NMB,419,1.41,-6.00,175,421.00,2020-09-07 14:00:58
942,942,942,1014,SPARS,909,1.17,-11.00,11,931.00,2020-09-07 14:00:58
182,184,185,8101,LBBL,181,1.62,-3.00,100,182.00,2020-09-07 14:00:58
871,880,871,224624,NRIC,854,0.92,-8.00,40,863.00,2020-09-07 14:00:58
710,724,704,65794,SHIVM,691,0.85,6.00,200,710.00,2020-09-07 14:00:58
870,896,862,61843,RMDC,856,2.55,22.00,1500,884.00,2020-09-07 14:00:58
581,590,590,23282,PRIN,572,1.53,-9.00,2400,581.00,2020-09-07 14:00:58
9,9,9,7600,NMB50,9,0.43,-0.04,100,9.30,2020-09-07 14:00:58
172,177,174,5572,ICFC,172,0,0.00,10,174.00,2020-09-07 14:00:58
257,262,260,45240,SHPC,255,0.77,-2.00,24,258.00,2020-09-07 14:00:58
120,121,122,4460,KPCL,115,2.46,-3.00,10,119.00,2020-09-07 14:00:58
58,60,59,53940,NHPC,56,1.69,1.00,100,60.00,2020-09-07 14:00:58
203,203,201,24197,NBB,197,1.49,-3.00,150,198.00,2020-09-07 14:00:58
9,9,9,54000,GIMES1,9,1.1,-0.10,1000,9.00,2020-09-07 14:00:58
842,878,859,11087,ALBSL,835,0.47,4.00,11,863.00,2020-09-07 14:00:58
135,141,129,28458,RLFL,133,5.43,7.00,50,136.00,2020-09-07 14:00:58
145,149,145,20947,CBL,143,1.38,-2.00,250,143.00,2020-09-07 14:00:58
566,575,574,38664,SLICL,561,1.05,-6.00,160,568.00,2020-09-07 14:00:58
232,232,228,5947,RADHI,224,0.44,-1.00,12,227.00,2020-09-07 14:00:58
696,706,705,9430,NTC,695,0.71,-5.00,119,700.00,2020-09-07 14:00:58
250,250,250,50186,UPPER,243,2.8,-7.00,50,243.00,2020-09-07 14:00:58
1391,1395,1380,142,JSLBB,1389,0.65,9.00,35,1389.00,2020-09-07 14:00:58
302,304,305,20332,SBL,301,0.98,-3.00,82,302.00,2020-09-07 14:00:58
174,174,177,142816,AKPL,166,3.95,-7.00,100,170.00,2020-09-07 14:00:58
1090,1103,1098,12983,CBBL,1080,0.27,-3.00,50,1095.00,2020-09-07 14:00:58
776,785,787,964,GLBSL,763,2.8,-22.00,10,765.00,2020-09-07 14:00:58
114,114,112,810,RRHP,106,1.79,-2.00,10,110.00,2020-09-07 14:00:58
591,592,588,47737,NICA,576,1.36,-8.00,25,580.00,2020-09-07 14:00:58
863,863,855,15222,NABIL,842,0.7,-6.00,14,849.00,2020-09-07 14:00:58
3161,3290,3011,42036,CIT,3050,6.61,199.00,71,3210.00,2020-09-07 14:00:58
10,10,10,2200,NICBF,10,0.8,-0.08,100,9.95,2020-09-07 14:00:58
428,441,428,14963,CHCL,420,1.64,7.00,50,435.00,2020-09-07 14:00:58
283,283,282,48075,PCBL,277,1.77,-5.00,131,277.00,2020-09-07 14:00:58
194,195,196,45862,NCCB,192,1.02,-2.00,599,194.00,2020-09-07 14:00:58
510,512,515,15252,AIL,502,1.17,-6.00,10,509.00,2020-09-07 14:00:58
790,803,790,95541,NIL,781,0.51,4.00,196,794.00,2020-09-07 14:00:58
144,151,146,6665,SJCL,143,0,0.00,500,146.00,2020-09-07 14:00:58
315,315,304,147240,NBL,298,1.32,-4.00,21,300.00,2020-09-07 14:00:58
861,877,878,5358,SIC,851,0.91,-8.00,30,870.00,2020-09-07 14:00:58
126,128,124,9521,CFCL,124,2.42,3.00,1000,127.00,2020-09-07 14:00:58
575,575,565,20082,FMDBL,550,0.71,4.00,190,569.00,2020-09-07 14:00:58
268,269,266,66412,GBIME,260,1.5,-4.00,78,262.00,2020-09-07 14:00:58
222,224,223,50112,MEGA,220,0.9,-2.00,467,221.00,2020-09-07 14:00:58
162,164,161,20765,RHPL,159,0.62,-1.00,341,160.00,2020-09-07 14:00:58
344,347,338,2010,MDB,335,0.3,-1.00,50,337.00,2020-09-07 14:00:58
476,493,484,16408,EIC,471,0.21,-1.00,480,483.00,2020-09-07 14:00:58
209,212,211,1710,TRH,208,0.47,1.00,100,212.00,2020-09-07 14:00:58
112,112,112,1095,SFCL,111,0.89,-1.00,10,111.00,2020-09-07 14:00:58
173,173,173,16856,CCBL,171,1.16,-2.00,50,171.00,2020-09-07 14:00:58
121,123,121,7441,SAPDBL,118,2.48,-3.00,422,118.00,2020-09-07 14:00:58
167,168,170,1017,JFL,167,1.76,-3.00,64,167.00,2020-09-07 14:00:58
238,238,238,12702,LBL,235,0.84,-2.00,231,236.00,2020-09-07 14:00:58
1469,1470,1474,3990,LICN,1460,0.95,-14.00,300,1460.00,2020-09-07 14:00:58
522,522,512,18020,LGIL,505,0.39,2.00,500,514.00,2020-09-07 14:00:58
397,397,379,24499,BPCL,369,0.26,1.00,50,380.00,2020-09-07 14:00:58
146,148,144,29923,HIDCL,141,0.69,1.00,200,145.00,2020-09-07 14:00:58
680,699,679,6002,NADEP,666,0.74,-5.00,24,674.00,2020-09-07 14:00:58
279,284,282,7932,MFIL,279,0.35,1.00,990,283.00,2020-09-07 14:00:58
101,107,106,7045,BFC,101,0,0.00,150,106.00,2020-09-07 14:00:58
58,60,57,5847,DHPL,55,1.75,-1.00,200,56.00,2020-09-07 14:00:58
347,347,349,13197,SANIMA,343,1.15,-4.00,11,345.00,2020-09-07 14:00:58
1350,1363,1353,40324,SICL,1334,0.37,-5.00,63,1348.00,2020-09-07 14:00:58
700,703,702,1210,ACLBSL,691,0.71,-5.00,10,697.00,2020-09-07 14:00:58
109,109,109,12375,BARUN,105,2.75,-3.00,85,106.00,2020-09-07 14:00:58
525,526,525,8159,RSDC,506,0.95,-5.00,500,520.00,2020-09-07 14:00:58
690,690,692,303,CLBSL,683,1.01,-7.00,20,685.00,2020-09-07 14:00:58
10,10,10,32910,NBF2,10,0.88,0.09,200,10.26,2020-09-07 14:00:58
771,771,771,14180,NLICL,750,0.78,-6.00,30,765.00,2020-09-07 14:00:58
735,745,750,10824,SIL,727,1.33,-10.00,50,740.00,2020-09-07 14:00:58
533,544,543,37612,NICL,529,1.1,-6.00,25,537.00,2020-09-07 14:00:58
134,146,134,3860,PPCL,122,1.49,-2.00,10,132.00,2020-09-07 14:00:58
915,928,922,401,SLBS,911,0,0.00,38,922.00,2020-09-07 14:00:58
63,65,63,5450,AKJCL,61,1.59,1.00,20,64.00,2020-09-07 14:00:58
95,96,95,3290,PMHPL,93,2.11,-2.00,10,93.00,2020-09-07 14:00:58
1240,1257,1254,3055,SWBBL,1240,0.32,-4.00,1000,1250.00,2020-09-07 14:00:58
131,135,132,41112,API,127,3.03,-4.00,100,128.00,2020-09-07 14:00:58
1380,1384,1374,34195,NLIC,1361,0,0.00,20,1374.00,2020-09-07 14:00:58
362,362,360,5207,NIBPO,359,0.28,-1.00,1000,359.00,2020-09-07 14:00:58
9800,9800,9718,136,RBCL,9720,0.64,62.00,10,9780.00,2020-09-07 14:00:58
157,159,158,4899,SHL,156,0,0.00,270,158.00,2020-09-07 14:00:58
82,86,79,7665,JOSHI,82,8.86,7.00,20,86.00,2020-09-07 14:00:58
195,195,195,28294,CZBIL,192,1.03,-2.00,44,193.00,2020-09-07 14:00:58
129,129,123,89995,AHPC,118,1.63,-2.00,150,121.00,2020-09-07 14:00:58
726,735,736,12157,EBL,725,1.36,-10.00,968,726.00,2020-09-07 14:00:58
425,425,428,21335,NIB,421,1.4,-6.00,49,422.00,2020-09-07 14:00:58
772,775,785,2173,ILBS,762,1.53,-12.00,11,773.00,2020-09-07 14:00:58
825,830,830,2850,SDLBSL,820,0.96,-8.00,10,822.00,2020-09-07 14:00:58
9,9,9,55710,SEF,9,0,0.00,7600,9.10,2020-09-07 14:00:58
10,10,10,4759,NMBHF1,10,0.5,-0.05,2496,10.03,2020-09-07 14:00:58
9,9,9,29080,NIBLPF,9,3.51,-0.31,355,8.53,2020-09-07 14:00:58
227,229,229,27128,MBL,225,0.87,-2.00,3168,227.00,2020-09-07 14:00:58
531,544,539,7299,PICL,527,0.19,-1.00,50,538.00,2020-09-07 14:00:58
660,662,660,8680,SCB,650,0.91,-6.00,20,654.00,2020-09-07 14:00:58
1761,1794,1780,8343,HDL,1758,0.28,-5.00,10,1775.00,2020-09-07 14:00:58
558,560,568,4493,HBL,557,1.94,-11.00,156,557.00,2020-09-07 14:00:58
865,872,868,5337,DDBL,861,0.35,-3.00,110,865.00,2020-09-07 14:00:58
704,722,715,30913,ALICL,700,0,0.00,877,715.00,2020-09-07 14:00:58
105,107,103,60771,RHPC,98,0.97,-1.00,1000,102.00,2020-09-07 14:00:58
236,238,237,8355,GBBL,232,0,0.00,10,237.00,2020-09-07 14:00:58
189,192,190,47792,KBL,186,1.05,-2.00,2480,188.00,2020-09-07 14:00:58
980,980,970,1180,NUBL,960,1.03,-10.00,196,960.00,2020-09-07 14:00:58
9,9,9,32175,NEF,9,0.32,-0.03,1448,9.22,2020-09-07 14:00:58
134,136,134,17568,SPDL,128,2.99,-4.00,616,130.00,2020-09-07 14:00:58
1130,1130,1152,457,LLBS,1128,2,-23.00,127,1129.00,2020-09-07 14:00:58
170,170,171,25080,JBBL,167,1.17,-2.00,1590,169.00,2020-09-07 14:00:58
648,648,639,35460,PLIC,621,0.47,-3.00,1000,636.00,2020-09-07 14:00:58
237,238,238,10186,SHINE,235,0.84,-2.00,105,236.00,2020-09-07 14:00:58
157,169,160,2207,NHDL,154,5.63,9.00,30,169.00,2020-09-07 14:00:58
66,70,67,3355,UNHPL,64,2.99,2.00,100,69.00,2020-09-07 14:00:58
232,232,232,11464,SRBL,228,0.86,-2.00,590,230.00,2020-09-07 14:00:58
745,764,754,4283,KMCDB,739,1.46,-11.00,10,743.00,2020-09-07 14:00:58
600,600,582,22035,GLICL,560,0.86,-5.00,10,577.00,2020-09-07 14:00:58
230,232,233,37681,PRVU,227,1.29,-3.00,200,230.00,2020-09-07 14:00:58
535,541,540,27485,GBLBS,523,0.74,-4.00,105,536.00,2020-09-07 14:00:58
102,108,101,2786,CHL,102,5.94,6.00,13,107.00,2020-09-07 14:00:58
1325,1349,1333,4602,SKBBL,1320,0.45,6.00,36,1339.00,2020-09-07 14:00:58
1570,1584,1585,889,FOWAD,1570,0.63,-10.00,19,1575.00,2020-09-07 14:00:58
235,236,236,22991,BOKL,231,1.69,-4.00,10,232.00,2020-09-07 14:00:58
315,332,325,14687,MNBBL,315,0.62,-2.00,1522,323.00,2020-09-07 14:00:58
10,10,10,74575,SAEF,10,1.8,0.18,2000,10.18,2020-09-07 14:00:58
167,167,170,6498,HPPL,158,5.88,-10.00,10,160.00,2020-09-07 14:00:58
2940,3111,2995,1464,STC,2936,3.17,95.00,10,3090.00,2020-09-07 14:00:58
72,72,73,920,GHL,68,6.85,-5.00,30,68.00,2020-09-07 14:00:58
1545,1545,1530,253,NMFBS,1535,0.65,10.00,26,1540.00,2020-09-07 14:00:58
343,345,343,5326,OHL,341,0.58,2.00,700,345.00,2020-09-07 14:00:58
157,157,154,4752,SIFC,155,1.95,3.00,25,157.00,2020-09-07 14:00:58
717,725,725,4142,NLBBL,700,2.07,-15.00,16,710.00,2020-09-07 14:00:58
800,800,805,950,GMFBS,790,0.62,-5.00,10,800.00,2020-09-07 14:00:58
140,143,138,6509,NGPL,139,2.9,4.00,100,142.00,2020-09-07 14:00:58
11,11,11,26900,NICGF,11,0.09,-0.01,3000,11.00,2020-09-07 14:00:58
150,150,143,1481,SADBL,143,0,0.00,573,143.00,2020-09-07 14:00:58
148,151,149,535,PFL,147,0.67,-1.00,36,148.00,2020-09-07 14:00:58
692,704,700,12623,MERO,686,0.57,-4.00,43,696.00,2020-09-07 14:00:58
142,143,144,11721,KSBBL,141,1.39,-2.00,100,142.00,2020-09-07 14:00:58
770,784,782,142,NMBMF,770,0.26,2.00,10,784.00,2020-09-07 14:00:58
426,429,429,18164,ADBL,422,1.17,-5.00,13,424.00,2020-09-07 14:00:58
812,820,812,1327,SABSL,802,0.99,8.00,10,820.00,2020-09-07 14:00:58
415,422,420,21533,UIC,408,0.71,-3.00,200,417.00,2020-09-07 14:00:58
435,435,432,5662,SBI,417,1.16,-5.00,100,427.00,2020-09-07 14:00:58
925,928,910,1130,MMFDB,895,0.22,2.00,200,912.00,2020-09-07 14:00:58
736,738,740,2783,NLG,725,0.27,-2.00,300,738.00,2020-09-07 14:00:58
740,749,743,25843,PIC,732,0.4,-3.00,131,740.00,2020-09-07 14:00:58
852,856,869,205,SMB,840,1.5,-13.00,100,856.00,2020-09-07 14:00:58
112,113,113,3243,UMHL,110,1.77,-2.00,12,111.00,2020-09-07 14:00:58
800,810,800,1248,SLBSL,790,0.5,4.00,100,804.00,2020-09-07 14:00:58
508,525,515,9244,IGI,508,0.19,-1.00,200,514.00,2020-09-07 14:00:58
460,460,484,6645,NRN,436,9.92,-48.00,10,436.00,2020-09-07 14:00:58
106,106,108,230,KRBL,105,1.85,-2.00,10,106.00,2020-09-07 14:00:58
1048,1098,999,17819,USLB,1048,9.91,99.00,22,1098.00,2020-09-07 14:00:58
1200,1200,1173,1078,GILB,1161,0.34,-4.00,255,1169.00,2020-09-07 14:00:58
56,58,57,313,KKHC,56,0,0.00,10,57.00,2020-09-07 14:00:58
457,471,463,11389,HGI,448,1.3,-6.00,230,457.00,2020-09-07 14:00:58
191,195,194,6106,MLBL,191,0,0.00,81,194.00,2020-09-07 14:00:58
709,709,709,98,MSMBS,686,1.13,-8.00,11,701.00,2020-09-07 14:00:58
739,765,750,334,MLBBL,739,1.87,14.00,10,764.00,2020-09-07 14:00:58
785,805,801,130,GGBSL,785,1.37,-11.00,20,790.00,2020-09-07 14:00:58
1072,1073,1070,105,NICAD8283,1071,0.09,1.00,25,1071.00,2020-09-07 14:00:58
880,889,883,2643,WOMI,870,0.68,6.00,99,889.00,2020-09-07 14:00:58
9,9,9,23000,LEMF,9,0,0.00,800,8.85,2020-09-07 14:00:58
108,112,106,1561,MPFL,107,1.89,2.00,21,108.00,2020-09-07 14:00:58
177,177,179,385,NFS,173,3.35,-6.00,200,173.00,2020-09-07 14:00:58
970,980,988,340,SMFBS,963,2.02,-20.00,10,968.00,2020-09-07 14:00:58
9,9,9,22800,NIBSF1,9,0.11,-0.01,2000,9.24,2020-09-07 14:00:58
8575,8600,8407,70,RBCLPO,8575,2.3,193.00,20,8600.00,2020-09-07 14:00:58
90,90,91,6265,MHNL,85,6.59,-6.00,10,85.00,2020-09-07 14:00:58
117,119,115,3490,GRDBL,116,1.74,2.00,50,117.00,2020-09-07 14:00:58
296,299,299,802,EDBL,296,0,0.00,10,299.00,2020-09-07 14:00:58
922,930,935,130,VLBS,922,1.28,-12.00,13,923.00,2020-09-07 14:00:58
6397,6397,6272,10,BNT,6397,1.99,125.00,10,6397.00,2020-09-07 14:00:58
127,127,129,813,GMFIL,125,2.33,-3.00,20,126.00,2020-09-07 14:00:58
700,713,709,396,NSEWA,695,0.56,4.00,34,713.00,2020-09-07 14:00:58
151,151,150,12530,GBIMEP,151,0.67,1.00,12530,151.00,2020-09-07 14:00:58
169,170,170,882,TMDBL,169,0,0.00,30,170.00,2020-09-07 14:00:58
10,11,10,5600,CMF1,10,1.85,0.19,1000,10.44,2020-09-07 14:00:58
150,151,151,2141,GFCL,150,0,0.00,500,151.00,2020-09-07 14:00:58
104,104,105,450,PROFL,104,0.95,-1.00,150,104.00,2020-09-07 14:00:58
101,109,103,3860,HURJA,100,5.83,6.00,75,109.00,2020-09-07 14:00:58
125,125,126,3372,SINDU,123,0.79,-1.00,209,125.00,2020-09-07 14:00:58
1571,1571,1571,121,BBC,1571,0,0.00,121,1571.00,2020-09-07 14:00:58
123,123,123,60,CORBL,123,0,0.00,10,123.00,2020-09-07 14:00:58
193,193,196,50,UFL,193,1.53,-3.00,50,193.00,2020-09-07 14:00:58
683,696,670,453,NLBSL,683,3.94,26.38,233,696.00,2020-09-07 14:00:58
99,99,95,320,HDHPC,98,3.16,3.00,100,98.00,2020-09-07 14:00:58
1031,1031,1030,25,NIBD2082,1031,0.1,1.00,25,1031.00,2020-09-07 14:00:58
9,9,9,300,SFMF,9,0,0.00,300,9.22,2020-09-07 14:00:58
242,250,238,352820,NMBPO,242,5.04,12.00,352800,250.00,2020-09-07 14:00:58
low_price,high_price,open_price,ltp,source,volume,ltv,per_change,change_price,prev_closing,trans_date,symbol
96,101,96,100.00,,249472,72,8.7,8.00,92,2020-09-07 14:00:58,UPCL
838,885,885,845.00,,4520,28,0.35,-3.00,848,2020-09-07 14:00:58,SLBBL
120,125,122,125.00,,2390,100,0.81,1.00,124,2020-09-07 14:00:58,GUFL
419,429,429,421.00,,53153,175,1.41,-6.00,427,2020-09-07 14:00:58,NMB
909,942,942,931.00,,1014,11,1.17,-11.00,942,2020-09-07 14:00:58,SPARS
181,184,182,182.00,,8101,100,1.62,-3.00,185,2020-09-07 14:00:58,LBBL
854,880,871,863.00,,224624,40,0.92,-8.00,871,2020-09-07 14:00:58,NRIC
691,724,710,710.00,,65794,200,0.85,6.00,704,2020-09-07 14:00:58,SHIVM
856,896,870,884.00,,61843,1500,2.55,22.00,862,2020-09-07 14:00:58,RMDC
572,590,581,581.00,,23282,2400,1.53,-9.00,590,2020-09-07 14:00:58,PRIN
9,9,9,9.30,,7600,100,0.43,-0.04,9,2020-09-07 14:00:58,NMB50
172,177,172,174.00,,5572,10,0,0.00,174,2020-09-07 14:00:58,ICFC
255,262,257,258.00,,45240,24,0.77,-2.00,260,2020-09-07 14:00:58,SHPC
115,121,120,119.00,,4460,10,2.46,-3.00,122,2020-09-07 14:00:58,KPCL
56,60,58,60.00,,53940,100,1.69,1.00,59,2020-09-07 14:00:58,NHPC
197,203,203,198.00,,24197,150,1.49,-3.00,201,2020-09-07 14:00:58,NBB
9,9,9,9.00,,54000,1000,1.1,-0.10,9,2020-09-07 14:00:58,GIMES1
835,878,842,863.00,,11087,11,0.47,4.00,859,2020-09-07 14:00:58,ALBSL
133,141,135,136.00,,28458,50,5.43,7.00,129,2020-09-07 14:00:58,RLFL
143,149,145,143.00,,20947,250,1.38,-2.00,145,2020-09-07 14:00:58,CBL
561,575,566,568.00,,38664,160,1.05,-6.00,574,2020-09-07 14:00:58,SLICL
224,232,232,227.00,,5947,12,0.44,-1.00,228,2020-09-07 14:00:58,RADHI
695,706,696,700.00,,9430,119,0.71,-5.00,705,2020-09-07 14:00:58,NTC
243,250,250,243.00,,50186,50,2.8,-7.00,250,2020-09-07 14:00:58,UPPER
1389,1395,1391,1389.00,,142,35,0.65,9.00,1380,2020-09-07 14:00:58,JSLBB
301,304,302,302.00,,20332,82,0.98,-3.00,305,2020-09-07 14:00:58,SBL
166,174,174,170.00,,142816,100,3.95,-7.00,177,2020-09-07 14:00:58,AKPL
1080,1103,1090,1095.00,,12983,50,0.27,-3.00,1098,2020-09-07 14:00:58,CBBL
763,785,776,765.00,,964,10,2.8,-22.00,787,2020-09-07 14:00:58,GLBSL
106,114,114,110.00,,810,10,1.79,-2.00,112,2020-09-07 14:00:58,RRHP
576,592,591,580.00,,47737,25,1.36,-8.00,588,2020-09-07 14:00:58,NICA
842,863,863,849.00,,15222,14,0.7,-6.00,855,2020-09-07 14:00:58,NABIL
3050,3290,3161,3210.00,,42036,71,6.61,199.00,3011,2020-09-07 14:00:58,CIT
10,10,10,9.95,,2200,100,0.8,-0.08,10,2020-09-07 14:00:58,NICBF
420,441,428,435.00,,14963,50,1.64,7.00,428,2020-09-07 14:00:58,CHCL
277,283,283,277.00,,48075,131,1.77,-5.00,282,2020-09-07 14:00:58,PCBL
192,195,194,194.00,,45862,599,1.02,-2.00,196,2020-09-07 14:00:58,NCCB
502,512,510,509.00,,15252,10,1.17,-6.00,515,2020-09-07 14:00:58,AIL
781,803,790,794.00,,95541,196,0.51,4.00,790,2020-09-07 14:00:58,NIL
143,151,144,146.00,,6665,500,0,0.00,146,2020-09-07 14:00:58,SJCL
298,315,315,300.00,,147240,21,1.32,-4.00,304,2020-09-07 14:00:58,NBL
851,877,861,870.00,,5358,30,0.91,-8.00,878,2020-09-07 14:00:58,SIC
124,128,126,127.00,,9521,1000,2.42,3.00,124,2020-09-07 14:00:58,CFCL
550,575,575,569.00,,20082,190,0.71,4.00,565,2020-09-07 14:00:58,FMDBL
260,269,268,262.00,,66412,78,1.5,-4.00,266,2020-09-07 14:00:58,GBIME
220,224,222,221.00,,50112,467,0.9,-2.00,223,2020-09-07 14:00:58,MEGA
159,164,162,160.00,,20765,341,0.62,-1.00,161,2020-09-07 14:00:58,RHPL
335,347,344,337.00,,2010,50,0.3,-1.00,338,2020-09-07 14:00:58,MDB
471,493,476,483.00,,16408,480,0.21,-1.00,484,2020-09-07 14:00:58,EIC
208,212,209,212.00,,1710,100,0.47,1.00,211,2020-09-07 14:00:58,TRH
111,112,112,111.00,,1095,10,0.89,-1.00,112,2020-09-07 14:00:58,SFCL
171,173,173,171.00,,16856,50,1.16,-2.00,173,2020-09-07 14:00:58,CCBL
118,123,121,118.00,,7441,422,2.48,-3.00,121,2020-09-07 14:00:58,SAPDBL
167,168,167,167.00,,1017,64,1.76,-3.00,170,2020-09-07 14:00:58,JFL
235,238,238,236.00,,12702,231,0.84,-2.00,238,2020-09-07 14:00:58,LBL
1460,1470,1469,1460.00,,3990,300,0.95,-14.00,1474,2020-09-07 14:00:58,LICN
505,522,522,514.00,,18020,500,0.39,2.00,512,2020-09-07 14:00:58,LGIL
369,397,397,380.00,,24499,50,0.26,1.00,379,2020-09-07 14:00:58,BPCL
141,148,146,145.00,,29923,200,0.69,1.00,144,2020-09-07 14:00:58,HIDCL
666,699,680,674.00,,6002,24,0.74,-5.00,679,2020-09-07 14:00:58,NADEP
279,284,279,283.00,,7932,990,0.35,1.00,282,2020-09-07 14:00:58,MFIL
101,107,101,106.00,,7045,150,0,0.00,106,2020-09-07 14:00:58,BFC
55,60,58,56.00,,5847,200,1.75,-1.00,57,2020-09-07 14:00:58,DHPL
343,347,347,345.00,,13197,11,1.15,-4.00,349,2020-09-07 14:00:58,SANIMA
1334,1363,1350,1348.00,,40324,63,0.37,-5.00,1353,2020-09-07 14:00:58,SICL
691,703,700,697.00,,1210,10,0.71,-5.00,702,2020-09-07 14:00:58,ACLBSL
105,109,109,106.00,,12375,85,2.75,-3.00,109,2020-09-07 14:00:58,BARUN
506,526,525,520.00,,8159,500,0.95,-5.00,525,2020-09-07 14:00:58,RSDC
683,690,690,685.00,,303,20,1.01,-7.00,692,2020-09-07 14:00:58,CLBSL
10,10,10,10.26,,32910,200,0.88,0.09,10,2020-09-07 14:00:58,NBF2
750,771,771,765.00,,14180,30,0.78,-6.00,771,2020-09-07 14:00:58,NLICL
727,745,735,740.00,,10824,50,1.33,-10.00,750,2020-09-07 14:00:58,SIL
529,544,533,537.00,,37612,25,1.1,-6.00,543,2020-09-07 14:00:58,NICL
122,146,134,132.00,,3860,10,1.49,-2.00,134,2020-09-07 14:00:58,PPCL
911,928,915,922.00,,401,38,0,0.00,922,2020-09-07 14:00:58,SLBS
61,65,63,64.00,,5450,20,1.59,1.00,63,2020-09-07 14:00:58,AKJCL
93,96,95,93.00,,3290,10,2.11,-2.00,95,2020-09-07 14:00:58,PMHPL
1240,1257,1240,1250.00,,3055,1000,0.32,-4.00,1254,2020-09-07 14:00:58,SWBBL
127,135,131,128.00,,41112,100,3.03,-4.00,132,2020-09-07 14:00:58,API
1361,1384,1380,1374.00,,34195,20,0,0.00,1374,2020-09-07 14:00:58,NLIC
359,362,362,359.00,,5207,1000,0.28,-1.00,360,2020-09-07 14:00:58,NIBPO
9720,9800,9800,9780.00,,136,10,0.64,62.00,9718,2020-09-07 14:00:58,RBCL
156,159,157,158.00,,4899,270,0,0.00,158,2020-09-07 14:00:58,SHL
82,86,82,86.00,,7665,20,8.86,7.00,79,2020-09-07 14:00:58,JOSHI
192,195,195,193.00,,28294,44,1.03,-2.00,195,2020-09-07 14:00:58,CZBIL
118,129,129,121.00,,89995,150,1.63,-2.00,123,2020-09-07 14:00:58,AHPC
725,735,726,726.00,,12157,968,1.36,-10.00,736,2020-09-07 14:00:58,EBL
421,425,425,422.00,,21335,49,1.4,-6.00,428,2020-09-07 14:00:58,NIB
762,775,772,773.00,,2173,11,1.53,-12.00,785,2020-09-07 14:00:58,ILBS
820,830,825,822.00,,2850,10,0.96,-8.00,830,2020-09-07 14:00:58,SDLBSL
9,9,9,9.10,,55710,7600,0,0.00,9,2020-09-07 14:00:58,SEF
10,10,10,10.03,,4759,2496,0.5,-0.05,10,2020-09-07 14:00:58,NMBHF1
9,9,9,8.53,,29080,355,3.51,-0.31,9,2020-09-07 14:00:58,NIBLPF
225,229,227,227.00,,27128,3168,0.87,-2.00,229,2020-09-07 14:00:58,MBL
527,544,531,538.00,,7299,50,0.19,-1.00,539,2020-09-07 14:00:58,PICL
650,662,660,654.00,,8680,20,0.91,-6.00,660,2020-09-07 14:00:58,SCB
1758,1794,1761,1775.00,,8343,10,0.28,-5.00,1780,2020-09-07 14:00:58,HDL
557,560,558,557.00,,4493,156,1.94,-11.00,568,2020-09-07 14:00:58,HBL
861,872,865,865.00,,5337,110,0.35,-3.00,868,2020-09-07 14:00:58,DDBL
700,722,704,715.00,,30913,877,0,0.00,715,2020-09-07 14:00:58,ALICL
98,107,105,102.00,,60771,1000,0.97,-1.00,103,2020-09-07 14:00:58,RHPC
232,238,236,237.00,,8355,10,0,0.00,237,2020-09-07 14:00:58,GBBL
186,192,189,188.00,,47792,2480,1.05,-2.00,190,2020-09-07 14:00:58,KBL
960,980,980,960.00,,1180,196,1.03,-10.00,970,2020-09-07 14:00:58,NUBL
9,9,9,9.22,,32175,1448,0.32,-0.03,9,2020-09-07 14:00:58,NEF
128,136,134,130.00,,17568,616,2.99,-4.00,134,2020-09-07 14:00:58,SPDL
1128,1130,1130,1129.00,,457,127,2,-23.00,1152,2020-09-07 14:00:58,LLBS
167,170,170,169.00,,25080,1590,1.17,-2.00,171,2020-09-07 14:00:58,JBBL
621,648,648,636.00,,35460,1000,0.47,-3.00,639,2020-09-07 14:00:58,PLIC
235,238,237,236.00,,10186,105,0.84,-2.00,238,2020-09-07 14:00:58,SHINE
154,169,157,169.00,,2207,30,5.63,9.00,160,2020-09-07 14:00:58,NHDL
64,70,66,69.00,,3355,100,2.99,2.00,67,2020-09-07 14:00:58,UNHPL
228,232,232,230.00,,11464,590,0.86,-2.00,232,2020-09-07 14:00:58,SRBL
739,764,745,743.00,,4283,10,1.46,-11.00,754,2020-09-07 14:00:58,KMCDB
560,600,600,577.00,,22035,10,0.86,-5.00,582,2020-09-07 14:00:58,GLICL
227,232,230,230.00,,37681,200,1.29,-3.00,233,2020-09-07 14:00:58,PRVU
523,541,535,536.00,,27485,105,0.74,-4.00,540,2020-09-07 14:00:58,GBLBS
102,108,102,107.00,,2786,13,5.94,6.00,101,2020-09-07 14:00:58,CHL
1320,1349,1325,1339.00,,4602,36,0.45,6.00,1333,2020-09-07 14:00:58,SKBBL
1570,1584,1570,1575.00,,889,19,0.63,-10.00,1585,2020-09-07 14:00:58,FOWAD
231,236,235,232.00,,22991,10,1.69,-4.00,236,2020-09-07 14:00:58,BOKL
315,332,315,323.00,,14687,1522,0.62,-2.00,325,2020-09-07 14:00:58,MNBBL
10,10,10,10.18,,74575,2000,1.8,0.18,10,2020-09-07 14:00:58,SAEF
158,167,167,160.00,,6498,10,5.88,-10.00,170,2020-09-07 14:00:58,HPPL
2936,3111,2940,3090.00,,1464,10,3.17,95.00,2995,2020-09-07 14:00:58,STC
68,72,72,68.00,,920,30,6.85,-5.00,73,2020-09-07 14:00:58,GHL
1535,1545,1545,1540.00,,253,26,0.65,10.00,1530,2020-09-07 14:00:58,NMFBS
341,345,343,345.00,,5326,700,0.58,2.00,343,2020-09-07 14:00:58,OHL
155,157,157,157.00,,4752,25,1.95,3.00,154,2020-09-07 14:00:58,SIFC
700,725,717,710.00,,4142,16,2.07,-15.00,725,2020-09-07 14:00:58,NLBBL
790,800,800,800.00,,950,10,0.62,-5.00,805,2020-09-07 14:00:58,GMFBS
139,143,140,142.00,,6509,100,2.9,4.00,138,2020-09-07 14:00:58,NGPL
11,11,11,11.00,,26900,3000,0.09,-0.01,11,2020-09-07 14:00:58,NICGF
143,150,150,143.00,,1481,573,0,0.00,143,2020-09-07 14:00:58,SADBL
147,151,148,148.00,,535,36,0.67,-1.00,149,2020-09-07 14:00:58,PFL
686,704,692,696.00,,12623,43,0.57,-4.00,700,2020-09-07 14:00:58,MERO
141,143,142,142.00,,11721,100,1.39,-2.00,144,2020-09-07 14:00:58,KSBBL
770,784,770,784.00,,142,10,0.26,2.00,782,2020-09-07 14:00:58,NMBMF
422,429,426,424.00,,18164,13,1.17,-5.00,429,2020-09-07 14:00:58,ADBL
802,820,812,820.00,,1327,10,0.99,8.00,812,2020-09-07 14:00:58,SABSL
408,422,415,417.00,,21533,200,0.71,-3.00,420,2020-09-07 14:00:58,UIC
417,435,435,427.00,,5662,100,1.16,-5.00,432,2020-09-07 14:00:58,SBI
895,928,925,912.00,,1130,200,0.22,2.00,910,2020-09-07 14:00:58,MMFDB
725,738,736,738.00,,2783,300,0.27,-2.00,740,2020-09-07 14:00:58,NLG
732,749,740,740.00,,25843,131,0.4,-3.00,743,2020-09-07 14:00:58,PIC
840,856,852,856.00,,205,100,1.5,-13.00,869,2020-09-07 14:00:58,SMB
110,113,112,111.00,,3243,12,1.77,-2.00,113,2020-09-07 14:00:58,UMHL
790,810,800,804.00,,1248,100,0.5,4.00,800,2020-09-07 14:00:58,SLBSL
508,525,508,514.00,,9244,200,0.19,-1.00,515,2020-09-07 14:00:58,IGI
436,460,460,436.00,,6645,10,9.92,-48.00,484,2020-09-07 14:00:58,NRN
105,106,106,106.00,,230,10,1.85,-2.00,108,2020-09-07 14:00:58,KRBL
1048,1098,1048,1098.00,,17819,22,9.91,99.00,999,2020-09-07 14:00:58,USLB
1161,1200,1200,1169.00,,1078,255,0.34,-4.00,1173,2020-09-07 14:00:58,GILB
56,58,56,57.00,,313,10,0,0.00,57,2020-09-07 14:00:58,KKHC
448,471,457,457.00,,11389,230,1.3,-6.00,463,2020-09-07 14:00:58,HGI
191,195,191,194.00,,6106,81,0,0.00,194,2020-09-07 14:00:58,MLBL
686,709,709,701.00,,98,11,1.13,-8.00,709,2020-09-07 14:00:58,MSMBS
739,765,739,764.00,,334,10,1.87,14.00,750,2020-09-07 14:00:58,MLBBL
785,805,785,790.00,,130,20,1.37,-11.00,801,2020-09-07 14:00:58,GGBSL
1071,1073,1072,1071.00,,105,25,0.09,1.00,1070,2020-09-07 14:00:58,NICAD8283
870,889,880,889.00,,2643,99,0.68,6.00,883,2020-09-07 14:00:58,WOMI
9,9,9,8.85,,23000,800,0,0.00,9,2020-09-07 14:00:58,LEMF
107,112,108,108.00,,1561,21,1.89,2.00,106,2020-09-07 14:00:58,MPFL
173,177,177,173.00,,385,200,3.35,-6.00,179,2020-09-07 14:00:58,NFS
963,980,970,968.00,,340,10,2.02,-20.00,988,2020-09-07 14:00:58,SMFBS
9,9,9,9.24,,22800,2000,0.11,-0.01,9,2020-09-07 14:00:58,NIBSF1
8575,8600,8575,8600.00,,70,20,2.3,193.00,8407,2020-09-07 14:00:58,RBCLPO
85,90,90,85.00,,6265,10,6.59,-6.00,91,2020-09-07 14:00:58,MHNL
116,119,117,117.00,,3490,50,1.74,2.00,115,2020-09-07 14:00:58,GRDBL
296,299,296,299.00,,802,10,0,0.00,299,2020-09-07 14:00:58,EDBL
922,930,922,923.00,,130,13,1.28,-12.00,935,2020-09-07 14:00:58,VLBS
6397,6397,6397,6397.00,,10,10,1.99,125.00,6272,2020-09-07 14:00:58,BNT
125,127,127,126.00,,813,20,2.33,-3.00,129,2020-09-07 14:00:58,GMFIL
695,713,700,713.00,,396,34,0.56,4.00,709,2020-09-07 14:00:58,NSEWA
151,151,151,151.00,,12530,12530,0.67,1.00,150,2020-09-07 14:00:58,GBIMEP
169,170,169,170.00,,882,30,0,0.00,170,2020-09-07 14:00:58,TMDBL
10,11,10,10.44,,5600,1000,1.85,0.19,10,2020-09-07 14:00:58,CMF1
150,151,150,151.00,,2141,500,0,0.00,151,2020-09-07 14:00:58,GFCL
104,104,104,104.00,,450,150,0.95,-1.00,105,2020-09-07 14:00:58,PROFL
100,109,101,109.00,,3860,75,5.83,6.00,103,2020-09-07 14:00:58,HURJA
123,125,125,125.00,,3372,209,0.79,-1.00,126,2020-09-07 14:00:58,SINDU
1571,1571,1571,1571.00,,121,121,0,0.00,1571,2020-09-07 14:00:58,BBC
123,123,123,123.00,,60,10,0,0.00,123,2020-09-07 14:00:58,CORBL
193,193,193,193.00,,50,50,1.53,-3.00,196,2020-09-07 14:00:58,UFL
683,696,683,696.00,,453,233,3.94,26.38,670,2020-09-07 14:00:58,NLBSL
98,99,99,98.00,,320,100,3.16,3.00,95,2020-09-07 14:00:58,HDHPC
1031,1031,1031,1031.00,,25,25,0.1,1.00,1030,2020-09-07 14:00:58,NIBD2082
9,9,9,9.22,,300,300,0,0.00,9,2020-09-07 14:00:58,SFMF
242,250,242,250.00,,352820,352800,5.04,12.00,238,2020-09-07 14:00:58,NMBPO
ltv,symbol,change_price,source,trans_date,prev_closing,low_price,ltp,open_price,high_price,per_change,volume
10,KPCL,-1.00,stocklive,2020-09-30 14:00:01,169,161,168.00,172,173,0.59,17490
500,CHCL,-1.00,stocklive,2020-09-30 14:00:01,511,506,510.00,510,515,0.2,11978
10,CIT,-10.00,stocklive,2020-09-30 14:00:01,3478,3446,3468.00,3450,3500,0.29,3668
20,MERO,-11.00,stocklive,2020-09-30 14:00:01,758,746,747.00,746,750,1.45,5936
10,GBLBS,-2.00,stocklive,2020-09-30 14:00:01,521,515,519.00,525,525,0.38,4607
40,RHPL,-4.00,stocklive,2020-09-30 14:00:01,194,185,190.00,193,200,2.06,25773
1000,NHPC,7.00,stocklive,2020-09-30 14:00:01,90,91,97.00,92,99,7.78,625398
10,RRHP,-4.00,stocklive,2020-09-30 14:00:01,173,161,169.00,170,175,2.31,15798
10,LEC,2.00,stocklive,2020-09-30 14:00:01,208,200,210.00,204,215,0.96,22450
220,SLICL,8.00,stocklive,2020-09-30 14:00:01,601,596,609.00,599,609,1.33,39936
500,HDHPC,9.00,stocklive,2020-09-30 14:00:01,119,122,128.00,124,130,7.56,523338
11,ILBS,2.00,stocklive,2020-09-30 14:00:01,813,801,815.00,810,818,0.25,1395
200,NIL,-2.00,stocklive,2020-09-30 14:00:01,813,803,811.00,809,813,0.25,40232
40,BARUN,-1.00,stocklive,2020-09-30 14:00:01,163,157,162.00,163,171,0.61,53103
200,SICL,-8.00,stocklive,2020-09-30 14:00:01,1324,1307,1316.00,1307,1325,0.6,9860
10,RLI,-6.00,stocklive,2020-09-30 14:00:01,626,617,620.00,624,626,0.96,26190
40,NRIC,-4.00,stocklive,2020-09-30 14:00:01,853,846,849.00,860,860,0.47,87199
50,UPCL,9.00,stocklive,2020-09-30 14:00:01,125,125,134.00,127,137,7.2,208754
10,AIL,-3.00,stocklive,2020-09-30 14:00:01,509,505,506.00,509,510,0.59,8054
50,PRVU,-1.00,stocklive,2020-09-30 14:00:01,239,236,238.00,238,238,0.42,30079
29,GLICL,-3.00,stocklive,2020-09-30 14:00:01,613,608,610.00,612,613,0.49,8797
50,SADBL,8.00,stocklive,2020-09-30 14:00:01,158,155,166.00,158,168,5.06,60769
11,RADHI,-3.00,stocklive,2020-09-30 14:00:01,260,256,257.00,260,265,1.15,2519
10,SDLBSL,-9.00,stocklive,2020-09-30 14:00:01,823,814,814.00,814,820,1.09,1300
100,SHL,-2.00,stocklive,2020-09-30 14:00:01,186,182,184.00,189,189,1.08,10060
20,JOSHI,8.00,stocklive,2020-09-30 14:00:01,110,107,118.00,115,121,7.27,35425
851,GMFIL,-4.00,stocklive,2020-09-30 14:00:01,165,159,161.00,165,166,2.42,12121
400,NLICL,-2.00,stocklive,2020-09-30 14:00:01,765,756,763.00,760,764,0.26,6244
70,LGIL,-10.00,stocklive,2020-09-30 14:00:01,530,518,520.00,533,533,1.89,6920
15,KRBL,10.00,stocklive,2020-09-30 14:00:01,118,117,128.00,117,128,8.47,27420
1000,KSBBL,17.00,stocklive,2020-09-30 14:00:01,170,170,187.00,178,187,10,264380
110,GMFBS,-11.00,stocklive,2020-09-30 14:00:01,821,806,810.00,806,822,1.34,500
59,PCBL,0.00,stocklive,2020-09-30 14:00:01,286,283,286.00,300,300,0,47019
1000,CCBL,0.00,stocklive,2020-09-30 14:00:01,187,184,187.00,187,187,0,16798
100,CFCL,2.00,stocklive,2020-09-30 14:00:01,158,152,160.00,155,160,1.27,9330
50,ICFC,9.00,stocklive,2020-09-30 14:00:01,191,190,200.00,191,204,4.71,7650
32,SRBL,2.00,stocklive,2020-09-30 14:00:01,237,235,239.00,237,239,0.84,6918
500,SANIMA,0.00,stocklive,2020-09-30 14:00:01,341,336,341.00,339,342,0,21418
300,MEGA,-1.00,stocklive,2020-09-30 14:00:01,225,221,224.00,223,224,0.44,39441
500,ADBL,-3.00,stocklive,2020-09-30 14:00:01,438,434,435.00,445,445,0.68,28710
50,UPPER,-5.00,stocklive,2020-09-30 14:00:01,291,286,286.00,290,294,1.72,57690
40,IGI,0.00,stocklive,2020-09-30 14:00:01,537,531,537.00,533,539,0,4108
25,HIDCL,-2.00,stocklive,2020-09-30 14:00:01,180,176,178.00,178,182,1.11,49481
16,JBBL,7.00,stocklive,2020-09-30 14:00:01,179,176,186.00,177,191,3.91,58572
100,NCCB,4.00,stocklive,2020-09-30 14:00:01,215,213,219.00,213,220,1.86,47766
439,PLIC,0.00,stocklive,2020-09-30 14:00:01,645,633,645.00,637,646,0,16558
87,NMB,0.00,stocklive,2020-09-30 14:00:01,414,412,414.00,414,415,0,87920
5000,CMF1,0.14,stocklive,2020-09-30 14:00:01,11,11,11.44,11,12,1.24,116300
10,KKHC,10.00,stocklive,2020-09-30 14:00:01,106,106,116.00,106,116,9.43,15517
10,NRN,0.00,stocklive,2020-09-30 14:00:01,359,355,359.00,355,360,0,17520
30,MHNL,-1.00,stocklive,2020-09-30 14:00:01,145,134,144.00,145,151,0.69,26037
20,HURJA,6.00,stocklive,2020-09-30 14:00:01,155,149,161.00,152,161,3.87,17236
500,API,5.00,stocklive,2020-09-30 14:00:01,194,191,199.00,194,204,2.58,252795
10,HPPL,-2.00,stocklive,2020-09-30 14:00:01,205,201,203.00,201,211,0.98,8899
600,LBBL,5.00,stocklive,2020-09-30 14:00:01,191,189,196.00,189,201,2.62,40164
99,NIB,-2.00,stocklive,2020-09-30 14:00:01,419,415,417.00,416,420,0.48,16267
20,NICL,1.00,stocklive,2020-09-30 14:00:01,551,544,552.00,550,556,0.18,15826
500,ALICL,1.00,stocklive,2020-09-30 14:00:01,721,717,722.00,725,735,0.14,9162
25,GRDBL,8.00,stocklive,2020-09-30 14:00:01,134,131,142.00,132,142,5.97,16300
760,NLG,-6.00,stocklive,2020-09-30 14:00:01,708,699,702.00,704,708,0.85,6842
70,GBIME,-2.00,stocklive,2020-09-30 14:00:01,268,264,266.00,270,270,0.75,43241
10,UFL,-5.00,stocklive,2020-09-30 14:00:01,263,252,258.00,262,262,1.9,4428
43,PRIN,0.00,stocklive,2020-09-30 14:00:01,590,580,590.00,601,601,0,18567
22,NLIC,-6.00,stocklive,2020-09-30 14:00:01,1370,1360,1364.00,1366,1371,0.44,18121
200,EIC,-4.00,stocklive,2020-09-30 14:00:01,529,520,525.00,520,528,0.76,20055
16,MLBL,3.00,stocklive,2020-09-30 14:00:01,205,202,208.00,205,209,1.46,11112
10,AKJCL,11.00,stocklive,2020-09-30 14:00:01,111,109,122.00,109,122,9.91,25291
20,SBI,-5.00,stocklive,2020-09-30 14:00:01,426,420,421.00,447,447,1.17,8608
20,SCB,-3.00,stocklive,2020-09-30 14:00:01,660,635,657.00,635,672,0.45,3884
200,GIMES1,0.12,stocklive,2020-09-30 14:00:01,9,9,9.20,9,9,1.32,1200
500,GBBL,7.00,stocklive,2020-09-30 14:00:01,243,242,250.00,243,250,2.88,20354
30,GHL,11.00,stocklive,2020-09-30 14:00:01,111,112,122.00,112,122,9.91,18364
1800,AKPL,8.00,stocklive,2020-09-30 14:00:01,228,227,236.00,227,241,3.51,310454
300,MBL,1.00,stocklive,2020-09-30 14:00:01,234,233,235.00,235,235,0.43,23237
422,CBL,1.00,stocklive,2020-09-30 14:00:01,167,162,168.00,171,171,0.6,97249
25,SAPDBL,3.00,stocklive,2020-09-30 14:00:01,147,144,150.00,145,150,2.04,4879
20,PPCL,-2.00,stocklive,2020-09-30 14:00:01,173,164,171.00,173,174,1.16,18500
11,SMB,-10.00,stocklive,2020-09-30 14:00:01,852,831,842.00,845,845,1.17,234
100,SLBBL,1.00,stocklive,2020-09-30 14:00:01,844,834,845.00,839,845,0.12,4057
20,SJCL,-1.00,stocklive,2020-09-30 14:00:01,179,176,178.00,176,185,0.56,25160
575,NBL,-3.00,stocklive,2020-09-30 14:00:01,328,323,325.00,344,344,0.91,64325
500,SHPC,0.00,stocklive,2020-09-30 14:00:01,292,288,292.00,288,300,0,34582
15,SKBBL,-11.00,stocklive,2020-09-30 14:00:01,1375,1360,1364.00,1380,1380,0.8,2060
44,MNBBL,-2.00,stocklive,2020-09-30 14:00:01,327,322,325.00,327,327,0.61,20755
100,EBL,-1.00,stocklive,2020-09-30 14:00:01,724,720,723.00,730,730,0.14,4061
10,NLBSL,-14.00,stocklive,2020-09-30 14:00:01,1049,1026,1035.00,1040,1040,1.33,714
1000,SIL,-5.00,stocklive,2020-09-30 14:00:01,743,725,738.00,738,738,0.67,12960
358,SHINE,6.00,stocklive,2020-09-30 14:00:01,246,242,252.00,246,255,2.44,31612
500,NTC,-3.00,stocklive,2020-09-30 14:00:01,703,698,700.00,700,700,0.43,8920
900,NIBSF1,-0.04,stocklive,2020-09-30 14:00:01,9,9,9.45,9,9,0.42,51900
100,UIC,-2.00,stocklive,2020-09-30 14:00:01,423,417,421.00,423,428,0.47,14000
200,CZBIL,1.00,stocklive,2020-09-30 14:00:01,208,204,209.00,204,210,0.48,33528
421,BOKL,-3.00,stocklive,2020-09-30 14:00:01,262,259,259.00,263,264,1.15,42113
50,MFIL,0.00,stocklive,2020-09-30 14:00:01,306,305,306.00,306,307,0,6854
188,BPCL,-4.00,stocklive,2020-09-30 14:00:01,406,399,402.00,401,405,0.99,16928
200,LBL,-1.00,stocklive,2020-09-30 14:00:01,246,243,245.00,245,248,0.41,11189
100,SABSL,-16.00,stocklive,2020-09-30 14:00:01,858,830,842.00,841,848,1.86,1098
13,VLBS,-9.00,stocklive,2020-09-30 14:00:01,911,900,902.00,901,902,0.99,968
520,EDBL,0.00,stocklive,2020-09-30 14:00:01,309,305,309.00,305,310,0,2838
10,AHPC,2.00,stocklive,2020-09-30 14:00:01,209,208,211.00,218,218,0.96,180971
47,SIC,-1.00,stocklive,2020-09-30 14:00:01,906,890,905.00,901,905,0.11,3206
10,PMHPL,10.00,stocklive,2020-09-30 14:00:01,137,138,147.00,140,149,7.3,24501
53,PFL,0.00,stocklive,2020-09-30 14:00:01,167,165,167.00,165,167,0,2085
300,TMDBL,10.00,stocklive,2020-09-30 14:00:01,178,170,188.00,170,188,5.62,16240
500,GUFL,-1.00,stocklive,2020-09-30 14:00:01,136,134,135.00,138,140,0.74,10455
20,KBL,-1.00,stocklive,2020-09-30 14:00:01,212,208,211.00,215,215,0.47,58437
80,NABIL,-4.00,stocklive,2020-09-30 14:00:01,864,857,860.00,864,875,0.46,11640
100,LUK,0.00,stocklive,2020-09-30 14:00:01,9,9,8.80,9,9,0,2650
14,RHPC,3.00,stocklive,2020-09-30 14:00:01,151,149,154.00,154,157,1.99,81147
400,MPFL,0.00,stocklive,2020-09-30 14:00:01,125,123,125.00,127,128,0,7130
130,BFC,-4.00,stocklive,2020-09-30 14:00:01,136,128,132.00,134,135,2.94,11618
41,NMBMF,-4.00,stocklive,2020-09-30 14:00:01,830,825,826.00,826,830,0.48,1073
45,SPDL,-4.00,stocklive,2020-09-30 14:00:01,212,206,208.00,210,214,1.89,55952
11,NGPL,-5.00,stocklive,2020-09-30 14:00:01,185,178,180.00,188,188,2.7,47897
225,NUBL,-5.00,stocklive,2020-09-30 14:00:01,972,966,967.00,970,970,0.51,1095
416,RSDC,-5.00,stocklive,2020-09-30 14:00:01,550,539,545.00,540,549,0.91,2686
10,NHDL,1.00,stocklive,2020-09-30 14:00:01,220,220,221.00,224,228,0.45,4562
50,SHIVM,-3.00,stocklive,2020-09-30 14:00:01,738,726,735.00,729,738,0.41,8026
50,LICN,-11.00,stocklive,2020-09-30 14:00:01,1470,1454,1459.00,1470,1487,0.75,2072
168,NICA,-1.00,stocklive,2020-09-30 14:00:01,573,569,572.00,601,601,0.17,39893
50,UNHPL,10.00,stocklive,2020-09-30 14:00:01,105,105,115.00,105,115,9.52,57701
100,MDB,-1.00,stocklive,2020-09-30 14:00:01,358,354,357.00,356,360,0.28,5523
500,RLFL,0.00,stocklive,2020-09-30 14:00:01,163,155,163.00,163,164,0,21052
22,NBB,3.00,stocklive,2020-09-30 14:00:01,212,209,215.00,212,215,1.42,39722
187,HGI,-6.00,stocklive,2020-09-30 14:00:01,498,491,492.00,498,502,1.2,14948
100,FMDBL,-6.00,stocklive,2020-09-30 14:00:01,578,568,572.00,570,579,1.04,7751
17,RMDC,-2.00,stocklive,2020-09-30 14:00:01,847,840,845.00,845,846,0.24,6238
11,CLBSL,-11.00,stocklive,2020-09-30 14:00:01,705,692,694.00,701,701,1.56,1081
500,CHL,1.00,stocklive,2020-09-30 14:00:01,152,147,153.00,152,158,0.66,32078
10,UMHL,-1.00,stocklive,2020-09-30 14:00:01,158,156,157.00,160,163,0.63,37026
14,SBL,-2.00,stocklive,2020-09-30 14:00:01,313,310,311.00,313,313,0.64,16295
23,NADEP,13.64,stocklive,2020-09-30 14:00:01,676,684,690.00,684,715,2.02,9331
10,NLBBL,7.00,stocklive,2020-09-30 14:00:01,760,745,767.00,745,767,0.92,837
12,PIC,-7.00,stocklive,2020-09-30 14:00:01,772,761,765.00,761,775,0.91,10203
440,GFCL,-3.00,stocklive,2020-09-30 14:00:01,184,181,181.00,184,187,1.63,7360
500,CORBL,5.00,stocklive,2020-09-30 14:00:01,162,165,167.00,165,168,3.09,11920
800,JFL,-2.00,stocklive,2020-09-30 14:00:01,202,200,200.00,204,204,0.99,5774
16,NMFBS,-22.00,stocklive,2020-09-30 14:00:01,1542,1512,1520.00,1512,1540,1.43,587
1100,NICGF,-0.05,stocklive,2020-09-30 14:00:01,9,9,9.30,9,9,0.53,7100
40,DDBL,-9.00,stocklive,2020-09-30 14:00:01,855,840,846.00,846,850,1.05,5360
30,CBBL,-8.00,stocklive,2020-09-30 14:00:01,1115,1100,1107.00,1100,1110,0.72,6360
20,MMFDB,-13.00,stocklive,2020-09-30 14:00:01,928,913,915.00,915,917,1.4,904
15,GILB,2.00,stocklive,2020-09-30 14:00:01,1171,1157,1173.00,1171,1194,0.17,773
10,DHPL,9.00,stocklive,2020-09-30 14:00:01,96,100,105.00,100,105,9.38,26364
500,PROFL,1.00,stocklive,2020-09-30 14:00:01,120,116,121.00,119,121,0.83,5248
500,SPARS,1.00,stocklive,2020-09-30 14:00:01,934,926,935.00,926,935,0.11,907
20000,MNBBLP,0.00,stocklive,2020-09-30 14:00:01,185,185,185.00,185,185,0,25000
10,KMCDB,5.00,stocklive,2020-09-30 14:00:01,730,720,735.00,720,739,0.68,1025
45,SWBBL,-5.00,stocklive,2020-09-30 14:00:01,1255,1245,1250.00,1250,1250,0.4,1160
5000,SAEF,0.04,stocklive,2020-09-30 14:00:01,10,10,10.41,10,10,0.39,13550
500,NBF2,0.02,stocklive,2020-09-30 14:00:01,9,9,9.02,9,9,0.22,1100
18,SLBS,-8.00,stocklive,2020-09-30 14:00:01,943,935,935.00,935,935,0.85,18
94,PICL,-10.00,stocklive,2020-09-30 14:00:01,530,514,520.00,529,529,1.89,7583
12,SINDU,7.00,stocklive,2020-09-30 14:00:01,140,140,147.00,142,148,5,11739
11,MSMBS,-8.00,stocklive,2020-09-30 14:00:01,685,675,677.00,675,680,1.17,246
200,NICBF,-0.11,stocklive,2020-09-30 14:00:01,9,9,8.79,9,9,1.24,500
500,SIFC,-1.00,stocklive,2020-09-30 14:00:01,176,174,175.00,179,179,0.57,7935
10,GLBSL,-2.00,stocklive,2020-09-30 14:00:01,742,720,740.00,728,745,0.27,360
10,SMFBS,-9.00,stocklive,2020-09-30 14:00:01,951,940,942.00,940,960,0.95,840
94,OHL,-5.00,stocklive,2020-09-30 14:00:01,385,380,380.00,385,385,1.3,4396
1077,NMBHF1,0.00,stocklive,2020-09-30 14:00:01,10,10,10.00,10,10,0,2073
10,GGBSL,-10.00,stocklive,2020-09-30 14:00:01,805,795,795.00,796,796,1.24,205
250,SFCL,-4.00,stocklive,2020-09-30 14:00:01,130,125,126.00,129,129,3.08,1686
50,FOWAD,-3.00,stocklive,2020-09-30 14:00:01,1555,1549,1552.00,1551,1552,0.19,832
300,SFMF,0.18,stocklive,2020-09-30 14:00:01,9,9,9.28,9,9,1.98,400
88,ALBSL,-1.00,stocklive,2020-09-30 14:00:01,836,821,835.00,821,862,0.12,970
13,SLBSL,-5.00,stocklive,2020-09-30 14:00:01,785,775,780.00,775,794,0.64,435
50,NFS,-15.00,stocklive,2020-09-30 14:00:01,262,236,247.00,275,288,5.73,21829
40,NSEWA,-9.00,stocklive,2020-09-30 14:00:01,694,682,685.00,694,695,1.3,500
414,NEF,-0.09,stocklive,2020-09-30 14:00:01,9,9,8.72,9,9,1.02,4655
10,RBCLPO,-150.00,stocklive,2020-09-30 14:00:01,10150,9975,10000.00,10110,10174,1.48,465
20,TRH,-5.00,stocklive,2020-09-30 14:00:01,252,247,247.00,250,252,1.98,3103
10,RBCL,-210.00,stocklive,2020-09-30 14:00:01,11360,11100,11150.00,11270,11270,1.85,350
100,HDL,0.00,stocklive,2020-09-30 14:00:01,1773,1764,1773.00,1861,1861,0,1360
100,HBL,-5.00,stocklive,2020-09-30 14:00:01,561,554,556.00,589,589,0.89,2934
200,NMB50,-0.04,stocklive,2020-09-30 14:00:01,9,9,9.26,9,9,0.43,4400
20,STC,-43.00,stocklive,2020-09-30 14:00:01,3448,3405,3405.00,3448,3450,1.25,262
51,MLBBL,-2.00,stocklive,2020-09-30 14:00:01,742,734,740.00,740,740,0.27,180
10,LLBS,-7.00,stocklive,2020-09-30 14:00:01,1122,1105,1115.00,1105,1124,0.62,607
500,LEMF,0.29,stocklive,2020-09-30 14:00:01,8,9,8.72,9,9,3.44,3500
22,USLB,-17.00,stocklive,2020-09-30 14:00:01,1074,1055,1057.00,1055,1065,1.58,241
5000,SEF,0.04,stocklive,2020-09-30 14:00:01,9,9,9.10,9,9,0.44,5000
50,JSLBB,28.00,stocklive,2020-09-30 14:00:01,1361,1335,1389.00,1335,1389,2.06,171
1000,NIBPO,-1.00,stocklive,2020-09-30 14:00:01,361,360,360.00,365,365,0.28,2000
125,NIBLPF,-0.03,stocklive,2020-09-30 14:00:01,9,9,8.62,9,9,0.35,125
14,BNT,-127.00,stocklive,2020-09-30 14:00:01,6697,6570,6570.00,6570,6570,1.9,14
25,NICAD8283,0.00,stocklive,2020-09-30 14:00:01,1075,1075,1075.00,1075,1075,0,25
low_price,volume,source,high_price,prev_closing,open_price,symbol,ltv,trans_date,per_change,ltp,change_price
1100,10168,stocklive,1115,1115,1100,CBBL,250,2020-09-30 14:18:01,0,1115.00,0.00
355,18610,stocklive,360,359,355,NRN,10,2020-09-30 14:18:01,0,359.00,0.00
227,359751,stocklive,245,228,227,AKPL,1000,2020-09-30 14:18:01,5.26,240.00,12.00
264,46785,stocklive,270,268,270,GBIME,19,2020-09-30 14:18:01,0.75,266.00,-2.00
134,26557,stocklive,151,145,145,MHNL,30,2020-09-30 14:18:01,0.69,144.00,-1.00
814,1340,stocklive,820,823,814,SDLBSL,10,2020-09-30 14:18:01,0.97,815.00,-8.00
846,90149,stocklive,860,853,860,NRIC,40,2020-09-30 14:18:01,0.35,850.00,-3.00
189,59002,stocklive,201,191,189,LBBL,90,2020-09-30 14:18:01,2.09,195.00,4.00
617,29260,stocklive,626,626,624,RLI,10,2020-09-30 14:18:01,0.96,620.00,-6.00
635,4900,stocklive,672,660,635,SCB,20,2020-09-30 14:18:01,0.45,657.00,-3.00
176,74555,stocklive,191,179,177,JBBL,300,2020-09-30 14:18:01,2.79,184.00,5.00
91,660652,stocklive,99,90,92,NHPC,76,2020-09-30 14:18:01,8.89,98.00,8.00
125,216314,stocklive,137,125,127,UPCL,50,2020-09-30 14:18:01,8,135.00,10.00
596,43028,stocklive,612,601,599,SLICL,77,2020-09-30 14:18:01,1.83,612.00,11.00
323,77010,stocklive,344,328,344,NBL,46,2020-09-30 14:18:01,0.61,326.00,-2.00
412,100085,stocklive,415,414,414,NMB,10,2020-09-30 14:18:01,0.24,415.00,1.00
236,22139,stocklive,288,262,275,NFS,75,2020-09-30 14:18:01,6.49,245.00,-17.00
185,36322,stocklive,200,194,193,RHPL,10,2020-09-30 14:18:01,2.06,190.00,-4.00
106,15829,stocklive,116,106,106,KKHC,10,2020-09-30 14:18:01,9.43,116.00,10.00
200,24240,stocklive,215,208,204,LEC,10,2020-09-30 14:18:01,0.96,210.00,2.00
138,26018,stocklive,149,137,140,PMHPL,10,2020-09-30 14:18:01,7.3,147.00,10.00
100,27395,stocklive,105,96,100,DHPL,1010,2020-09-30 14:18:01,9.38,105.00,9.00
147,32588,stocklive,158,152,152,CHL,500,2020-09-30 14:18:01,0,152.00,0.00
795,235,stocklive,797,805,796,GGBSL,10,2020-09-30 14:18:01,0.99,797.00,-8.00
107,39250,stocklive,121,110,115,JOSHI,20,2020-09-30 14:18:01,8.18,119.00,9.00
112,18764,stocklive,122,111,112,GHL,20,2020-09-30 14:18:01,9.91,122.00,11.00
322,21677,stocklive,327,327,327,MNBBL,185,2020-09-30 14:18:01,0,327.00,0.00
164,18900,stocklive,174,173,173,PPCL,20,2020-09-30 14:18:01,2.31,169.00,-4.00
434,29372,stocklive,445,438,445,ADBL,10,2020-09-30 14:18:01,0.23,437.00,-1.00
122,571544,stocklive,130,119,124,HDHPC,366,2020-09-30 14:18:01,9.24,130.00,11.00
11100,399,stocklive,11299,11360,11270,RBCL,30,2020-09-30 14:18:01,0.54,11299.00,-61.00
109,26291,stocklive,122,111,109,AKJCL,20,2020-09-30 14:18:01,9.91,122.00,11.00
568,8518,stocklive,579,578,570,FMDBL,30,2020-09-30 14:18:01,0.52,575.00,-3.00
505,8734,stocklive,510,509,509,AIL,10,2020-09-30 14:18:01,0.2,508.00,-1.00
149,17736,stocklive,161,155,152,HURJA,20,2020-09-30 14:18:01,3.23,160.00,5.00
554,3044,stocklive,589,561,589,HBL,10,2020-09-30 14:18:01,0.18,560.00,-1.00
415,17275,stocklive,420,419,416,NIB,109,2020-09-30 14:18:01,0.24,418.00,-1.00
745,8156,stocklive,750,758,746,MERO,70,2020-09-30 14:18:01,1.72,745.00,-13.00
221,42756,stocklive,225,225,223,MEGA,64,2020-09-30 14:18:01,0,225.00,0.00
761,14209,stocklive,780,772,761,PIC,49,2020-09-30 14:18:01,0.26,774.00,2.00
491,17140,stocklive,502,498,498,HGI,470,2020-09-30 14:18:01,0.6,501.00,3.00
206,69208,stocklive,214,212,210,SPDL,207,2020-09-30 14:18:01,2.36,207.00,-5.00
176,27264,stocklive,185,179,176,SJCL,20,2020-09-30 14:18:01,0,179.00,0.00
149,92207,stocklive,157,151,154,RHPC,19,2020-09-30 14:18:01,0.66,152.00,1.00
152,11944,stocklive,164,158,155,CFCL,19,2020-09-30 14:18:01,2.53,162.00,4.00
9,11547,stocklive,9,9,9,NEF,2317,2020-09-30 14:18:01,0.91,8.73,-0.08
176,53228,stocklive,182,180,178,HIDCL,10,2020-09-30 14:18:01,0,180.00,0.00
283,48599,stocklive,300,286,300,PCBL,180,2020-09-30 14:18:01,0,286.00,0.00
259,48916,stocklive,264,262,263,BOKL,47,2020-09-30 14:18:01,0.76,260.00,-2.00
162,99803,stocklive,171,167,171,CBL,188,2020-09-30 14:18:01,1.2,169.00,2.00
608,11648,stocklive,613,613,612,GLICL,200,2020-09-30 14:18:01,0.49,610.00,-3.00
242,25529,stocklive,251,243,243,GBBL,19,2020-09-30 14:18:01,2.47,249.00,6.00
286,62594,stocklive,294,291,290,UPPER,40,2020-09-30 14:18:01,1.37,287.00,-4.00
1454,3004,stocklive,1487,1470,1470,LICN,40,2020-09-30 14:18:01,0.54,1462.00,-8.00
857,13069,stocklive,875,864,864,NABIL,50,2020-09-30 14:18:01,0.58,859.00,-5.00
336,24068,stocklive,342,341,339,SANIMA,32,2020-09-30 14:18:01,0.29,340.00,-1.00
9,5125,stocklive,9,9,9,NIBLPF,898,2020-09-30 14:18:01,1.62,8.79,0.14
399,17155,stocklive,405,406,401,BPCL,10,2020-09-30 14:18:01,0.74,403.00,-3.00
161,17789,stocklive,173,169,172,KPCL,10,2020-09-30 14:18:01,1.18,167.00,-2.00
155,69016,stocklive,168,158,158,SADBL,500,2020-09-30 14:18:01,5.06,166.00,8.00
926,948,stocklive,940,934,926,SPARS,11,2020-09-30 14:18:01,0.64,940.00,6.00
717,13620,stocklive,735,721,725,ALICL,2500,2020-09-30 14:18:01,0.28,723.00,2.00
209,43150,stocklive,215,212,212,NBB,77,2020-09-30 14:18:01,0.47,213.00,1.00
184,22002,stocklive,188,187,187,CCBL,67,2020-09-30 14:18:01,0.53,188.00,1.00
170,268057,stocklive,187,170,178,KSBBL,101,2020-09-30 14:18:01,10,187.00,17.00
191,283632,stocklive,204,194,194,API,1787,2020-09-30 14:18:01,3.09,200.00,6.00
821,1037,stocklive,862,836,821,ALBSL,11,2020-09-30 14:18:01,0,836.00,0.00
544,17455,stocklive,556,551,550,NICL,90,2020-09-30 14:18:01,0.73,555.00,4.00
204,37261,stocklive,210,208,204,CZBIL,10,2020-09-30 14:18:01,0.48,209.00,1.00
220,4642,stocklive,228,220,224,NHDL,10,2020-09-30 14:18:01,0.45,221.00,1.00
153,42738,stocklive,163,158,160,UMHL,47,2020-09-30 14:18:01,1.9,155.00,-3.00
698,8940,stocklive,703,703,700,NTC,10,2020-09-30 14:18:01,0,703.00,0.00
131,18705,stocklive,143,134,132,GRDBL,125,2020-09-30 14:18:01,3.73,139.00,5.00
242,32670,stocklive,255,246,246,SHINE,300,2020-09-30 14:18:01,1.22,249.00,3.00
201,11379,stocklive,211,205,201,HPPL,10,2020-09-30 14:18:01,0.98,203.00,-2.00
354,6897,stocklive,360,358,356,MDB,86,2020-09-30 14:18:01,0.28,357.00,-1.00
3446,4223,stocklive,3500,3478,3450,CIT,30,2020-09-30 14:18:01,0.06,3476.00,-2.00
105,57971,stocklive,115,105,105,UNHPL,50,2020-09-30 14:18:01,9.52,115.00,10.00
144,8079,stocklive,150,147,145,SAPDBL,200,2020-09-30 14:18:01,2.04,150.00,3.00
233,29884,stocklive,235,234,235,MBL,80,2020-09-30 14:18:01,0,234.00,0.00
208,197508,stocklive,218,209,218,AHPC,200,2020-09-30 14:18:01,1.44,212.00,3.00
1360,2620,stocklive,1380,1375,1380,SKBBL,335,2020-09-30 14:18:01,0.73,1365.00,-10.00
202,12412,stocklive,209,205,205,MLBL,1000,2020-09-30 14:18:01,1.46,208.00,3.00
756,6924,stocklive,764,765,760,NLICL,150,2020-09-30 14:18:01,0.39,762.00,-3.00
9,3750,stocklive,9,9,9,LUK,1000,2020-09-30 14:18:01,0.45,8.84,0.04
116,8038,stocklive,124,120,119,PROFL,10,2020-09-30 14:18:01,3.33,124.00,4.00
243,12133,stocklive,248,246,245,LBL,190,2020-09-30 14:18:01,0,246.00,0.00
569,44618,stocklive,601,573,601,NICA,65,2020-09-30 14:18:01,0.17,572.00,-1.00
725,13453,stocklive,740,743,738,SIL,30,2020-09-30 14:18:01,0.4,740.00,-3.00
208,70912,stocklive,215,212,215,KBL,287,2020-09-30 14:18:01,0.47,211.00,-1.00
117,35924,stocklive,129,118,117,KRBL,59,2020-09-30 14:18:01,9.32,129.00,11.00
161,16108,stocklive,175,173,170,RRHP,10,2020-09-30 14:18:01,2.89,168.00,-5.00
178,51057,stocklive,188,185,188,NGPL,11,2020-09-30 14:18:01,1.62,182.00,-3.00
803,42078,stocklive,814,813,809,NIL,300,2020-09-30 14:18:01,0,813.00,0.00
515,5299,stocklive,525,521,525,GBLBS,10,2020-09-30 14:18:01,0.19,520.00,-1.00
174,12998,stocklive,179,176,179,SIFC,258,2020-09-30 14:18:01,1.14,178.00,2.00
235,11233,stocklive,239,237,237,SRBL,100,2020-09-30 14:18:01,0.84,239.00,2.00
9,6100,stocklive,9,9,9,NBF2,2000,2020-09-30 14:18:01,1.22,8.89,-0.11
256,2631,stocklive,265,260,260,RADHI,11,2020-09-30 14:18:01,0.77,258.00,-2.00
900,1062,stocklive,915,911,901,VLBS,13,2020-09-30 14:18:01,0.55,906.00,-5.00
134,14056,stocklive,140,136,138,GUFL,500,2020-09-30 14:18:01,0,136.00,0.00
190,10495,stocklive,204,191,191,ICFC,50,2020-09-30 14:18:01,3.14,197.00,6.00
806,510,stocklive,822,821,806,GMFBS,10,2020-09-30 14:18:01,1.1,812.00,-9.00
745,901,stocklive,767,760,745,NLBBL,14,2020-09-30 14:18:01,0.66,765.00,5.00
633,19594,stocklive,655,645,637,PLIC,10,2020-09-30 14:18:01,0.47,648.00,3.00
181,8360,stocklive,187,184,184,GFCL,1000,2020-09-30 14:18:01,1.09,182.00,-2.00
1360,19468,stocklive,1371,1370,1366,NLIC,50,2020-09-30 14:18:01,0.15,1368.00,-2.00
726,8126,stocklive,738,738,729,SHIVM,50,2020-09-30 14:18:01,0.68,733.00,-5.00
720,4201,stocklive,730,724,730,EBL,50,2020-09-30 14:18:01,0,724.00,0.00
506,16145,stocklive,515,511,510,CHCL,600,2020-09-30 14:18:01,0,511.00,0.00
236,40585,stocklive,239,239,238,PRVU,410,2020-09-30 14:18:01,0.84,237.00,-2.00
11,124150,stocklive,12,11,11,CMF1,2750,2020-09-30 14:18:01,0.71,11.38,0.08
518,8140,stocklive,533,530,533,LGIL,324,2020-09-30 14:18:01,1.13,524.00,-6.00
128,14192,stocklive,135,136,134,BFC,267,2020-09-30 14:18:01,0.74,135.00,-1.00
834,4207,stocklive,845,844,839,SLBBL,50,2020-09-30 14:18:01,0.83,837.00,-7.00
140,12869,stocklive,148,140,142,SINDU,500,2020-09-30 14:18:01,4.29,146.00,6.00
580,20731,stocklive,601,590,601,PRIN,100,2020-09-30 14:18:01,1.36,598.00,8.00
840,5760,stocklive,855,855,846,DDBL,200,2020-09-30 14:18:01,0,855.00,0.00
360,4000,stocklive,365,361,365,NIBPO,2000,2020-09-30 14:18:01,0.28,360.00,-1.00
157,53113,stocklive,171,163,163,BARUN,10,2020-09-30 14:18:01,1.23,165.00,2.00
247,3568,stocklive,252,252,250,TRH,70,2020-09-30 14:18:01,1.98,247.00,-5.00
531,4889,stocklive,539,537,533,IGI,250,2020-09-30 14:18:01,0,537.00,0.00
288,41463,stocklive,300,292,288,SHPC,833,2020-09-30 14:18:01,0.34,293.00,1.00
305,2938,stocklive,310,309,305,EDBL,50,2020-09-30 14:18:01,0.32,310.00,1.00
182,12097,stocklive,189,186,189,SHL,1000,2020-09-30 14:18:01,0,186.00,0.00
310,19845,stocklive,313,313,313,SBL,300,2020-09-30 14:18:01,0,313.00,0.00
840,6320,stocklive,846,847,845,RMDC,15,2020-09-30 14:18:01,0.24,845.00,-2.00
9,10000,stocklive,9,9,9,SEF,4000,2020-09-30 14:18:01,0.66,9.00,-0.06
831,255,stocklive,845,852,845,SMB,11,2020-09-30 14:18:01,1.88,836.00,-16.00
165,12370,stocklive,168,162,165,CORBL,50,2020-09-30 14:18:01,3.09,167.00,5.00
170,18470,stocklive,188,178,170,TMDBL,10,2020-09-30 14:18:01,4.49,186.00,8.00
520,22842,stocklive,528,529,520,EIC,100,2020-09-30 14:18:01,0.19,528.00,-1.00
539,2831,stocklive,549,550,540,RSDC,50,2020-09-30 14:18:01,0.55,547.00,-3.00
417,16109,stocklive,428,423,423,UIC,340,2020-09-30 14:18:01,0.47,425.00,2.00
165,7937,stocklive,170,167,165,PFL,133,2020-09-30 14:18:01,1.8,170.00,3.00
1157,1003,stocklive,1194,1171,1171,GILB,43,2020-09-30 14:18:01,0,1171.00,0.00
514,10003,stocklive,529,530,529,PICL,50,2020-09-30 14:18:01,0.19,529.00,-1.00
10,19550,stocklive,10,10,10,SAEF,1000,2020-09-30 14:18:01,0.1,10.38,0.01
213,48101,stocklive,220,215,213,NCCB,26,2020-09-30 14:18:01,0.47,216.00,1.00
1764,1660,stocklive,1861,1773,1861,HDL,100,2020-09-30 14:18:01,0.39,1780.00,7.00
159,14121,stocklive,166,165,165,GMFIL,490,2020-09-30 14:18:01,1.21,163.00,-2.00
940,860,stocklive,960,951,940,SMFBS,10,2020-09-30 14:18:01,0.95,960.00,9.00
720,1045,stocklive,739,730,720,KMCDB,10,2020-09-30 14:18:01,0.68,735.00,5.00
1549,864,stocklive,1552,1555,1551,FOWAD,13,2020-09-30 14:18:01,0.19,1552.00,-3.00
125,4546,stocklive,129,130,129,SFCL,1000,2020-09-30 14:18:01,1.54,128.00,-2.00
1307,10194,stocklive,1325,1324,1307,SICL,15,2020-09-30 14:18:01,0.53,1317.00,-7.00
965,1195,stocklive,970,972,970,NUBL,50,2020-09-30 14:18:01,0.72,965.00,-7.00
305,7415,stocklive,307,306,306,MFIL,550,2020-09-30 14:18:01,0.33,305.00,-1.00
123,18646,stocklive,128,125,127,MPFL,10000,2020-09-30 14:18:01,0.8,124.00,-1.00
200,10174,stocklive,204,202,204,JFL,200,2020-09-30 14:18:01,0.99,200.00,-2.00
825,1229,stocklive,830,830,826,NMBMF,60,2020-09-30 14:18:01,0,830.00,0.00
1245,1270,stocklive,1250,1255,1250,SWBBL,100,2020-09-30 14:18:01,0.72,1246.00,-9.00
913,1004,stocklive,917,928,915,MMFDB,100,2020-09-30 14:18:01,1.51,914.00,-14.00
420,13743,stocklive,447,426,447,SBI,135,2020-09-30 14:18:01,0.47,424.00,-2.00
720,390,stocklive,745,742,728,GLBSL,20,2020-09-30 14:18:01,0.13,741.00,-1.00
775,548,stocklive,794,785,775,SLBSL,13,2020-09-30 14:18:01,0.64,780.00,-5.00
699,7062,stocklive,708,708,704,NLG,20,2020-09-30 14:18:01,0.71,703.00,-5.00
675,326,stocklive,680,685,675,MSMBS,35,2020-09-30 14:18:01,1.17,677.00,-8.00
155,22832,stocklive,165,163,163,RLFL,500,2020-09-30 14:18:01,1.23,165.00,2.00
9975,480,stocklive,10174,10150,10110,RBCLPO,15,2020-09-30 14:18:01,0,10150.00,0.00
801,1395,stocklive,818,813,810,ILBS,11,2020-09-30 14:18:01,0.25,815.00,2.00
252,4428,stocklive,262,263,262,UFL,10,2020-09-30 14:18:01,1.9,258.00,-5.00
9,1200,stocklive,9,9,9,GIMES1,200,2020-09-30 14:18:01,1.32,9.20,0.12
1026,714,stocklive,1040,1049,1040,NLBSL,10,2020-09-30 14:18:01,1.33,1035.00,-14.00
9,51900,stocklive,9,9,9,NIBSF1,900,2020-09-30 14:18:01,0.42,9.45,-0.04
830,1098,stocklive,848,858,841,SABSL,100,2020-09-30 14:18:01,1.86,842.00,-16.00
890,3206,stocklive,905,906,901,SIC,47,2020-09-30 14:18:01,0.11,905.00,-1.00
692,1081,stocklive,701,705,701,CLBSL,11,2020-09-30 14:18:01,1.56,694.00,-11.00
684,9331,stocklive,715,676,684,NADEP,23,2020-09-30 14:18:01,2.02,690.00,13.64
1512,587,stocklive,1540,1542,1512,NMFBS,16,2020-09-30 14:18:01,1.43,1520.00,-22.00
9,7100,stocklive,9,9,9,NICGF,1100,2020-09-30 14:18:01,0.53,9.30,-0.05
185,25000,stocklive,185,185,185,MNBBLP,20000,2020-09-30 14:18:01,0,185.00,0.00
935,18,stocklive,935,943,935,SLBS,18,2020-09-30 14:18:01,0.85,935.00,-8.00
9,500,stocklive,9,9,9,NICBF,200,2020-09-30 14:18:01,1.24,8.79,-0.11
380,4396,stocklive,385,385,385,OHL,94,2020-09-30 14:18:01,1.3,380.00,-5.00
10,2073,stocklive,10,10,10,NMBHF1,1077,2020-09-30 14:18:01,0,10.00,0.00
9,400,stocklive,9,9,9,SFMF,300,2020-09-30 14:18:01,1.98,9.28,0.18
682,500,stocklive,695,694,694,NSEWA,40,2020-09-30 14:18:01,1.3,685.00,-9.00
9,4400,stocklive,9,9,9,NMB50,200,2020-09-30 14:18:01,0.43,9.26,-0.04
3405,262,stocklive,3450,3448,3448,STC,20,2020-09-30 14:18:01,1.25,3405.00,-43.00
734,180,stocklive,740,742,740,MLBBL,51,2020-09-30 14:18:01,0.27,740.00,-2.00
1105,607,stocklive,1124,1122,1105,LLBS,10,2020-09-30 14:18:01,0.62,1115.00,-7.00
9,3500,stocklive,9,8,9,LEMF,500,2020-09-30 14:18:01,3.44,8.72,0.29
1055,241,stocklive,1065,1074,1055,USLB,22,2020-09-30 14:18:01,1.58,1057.00,-17.00
1335,171,stocklive,1389,1361,1335,JSLBB,50,2020-09-30 14:18:01,2.06,1389.00,28.00
6570,14,stocklive,6570,6697,6570,BNT,14,2020-09-30 14:18:01,1.9,6570.00,-127.00
1075,25,stocklive,1075,1075,1075,NICAD8283,25,2020-09-30 14:18:01,0,1075.00,0.00
ltv,trans_date,ltp,high_price,source,prev_closing,change_price,per_change,volume,open_price,low_price,symbol
339,2020-09-30 15:00:00,720.00,735,stocklive,721,-1.00,0.14,17534,725,717,ALICL
10,2020-09-30 15:00:00,178.00,182,stocklive,180,-2.00,1.11,99446,178,175,HIDCL
10,2020-09-30 15:00:00,851.00,860,stocklive,853,-2.00,0.23,132294,860,846,NRIC
490,2020-09-30 15:00:00,192.00,200,stocklive,194,-2.00,1.03,47762,193,185,RHPL
100,2020-09-30 15:00:00,98.00,99,stocklive,90,8.00,8.89,955573,92,91,NHPC
20,2020-09-30 15:00:00,181.00,185,stocklive,179,2.00,1.12,41564,176,176,SJCL
50,2020-09-30 15:00:00,326.00,344,stocklive,328,-2.00,0.61,160289,344,323,NBL
10,2020-09-30 15:00:00,212.00,214,stocklive,212,0.00,0,97684,210,206,SPDL
59,2020-09-30 15:00:00,181.00,188,stocklive,178,3.00,1.69,30165,170,170,TMDBL
10,2020-09-30 15:00:00,243.00,245,stocklive,228,15.00,6.58,416810,227,227,AKPL
242,2020-09-30 15:00:00,218.00,220,stocklive,215,3.00,1.4,76250,213,213,NCCB
10,2020-09-30 15:00:00,415.00,415,stocklive,414,1.00,0.24,116461,414,412,NMB
500,2020-09-30 15:00:00,571.00,601,stocklive,573,-2.00,0.35,60813,601,569,NICA
10,2020-09-30 15:00:00,134.00,137,stocklive,125,9.00,7.2,271394,127,125,UPCL
100,2020-09-30 15:00:00,200.00,204,stocklive,194,6.00,3.09,374315,194,191,API
230,2020-09-30 15:00:00,1380.00,1380,stocklive,1375,5.00,0.36,6027,1380,1360,SKBBL
10,2020-09-30 15:00:00,813.00,817,stocklive,813,0.00,0,52869,809,803,NIL
10,2020-09-30 15:00:00,238.00,239,stocklive,239,-1.00,0.42,81817,238,236,PRVU
200,2020-09-30 15:00:00,153.00,157,stocklive,151,2.00,1.32,122476,154,149,RHPC
10,2020-09-30 15:00:00,169.00,173,stocklive,169,0.00,0,21951,172,161,KPCL
10,2020-09-30 15:00:00,621.00,626,stocklive,626,-5.00,0.8,36350,624,617,RLI
36,2020-09-30 15:00:00,200.00,204,stocklive,202,-2.00,0.99,16532,204,199,JFL
20,2020-09-30 15:00:00,207.00,209,stocklive,205,2.00,0.98,19726,205,202,MLBL
10,2020-09-30 15:00:00,906.00,910,stocklive,906,0.00,0,7022,901,890,SIC
20,2020-09-30 15:00:00,168.00,174,stocklive,173,-5.00,2.89,21670,173,164,PPCL
500,2020-09-30 15:00:00,11.45,12,stocklive,11,0.15,1.33,193650,11,11,CMF1
50,2020-09-30 15:00:00,699.00,708,stocklive,708,-9.00,1.27,11207,704,699,NLG
30,2020-09-30 15:00:00,257.00,265,stocklive,260,-3.00,1.15,3755,260,256,RADHI
1000,2020-09-30 15:00:00,325.00,327,stocklive,327,-2.00,0.61,31200,327,322,MNBBL
2086,2020-09-30 15:00:00,214.00,218,stocklive,209,5.00,2.39,313810,218,208,AHPC
100,2020-09-30 15:00:00,197.00,204,stocklive,191,6.00,3.14,13942,191,190,ICFC
490,2020-09-30 15:00:00,121.00,121,stocklive,110,11.00,10,59627,115,107,JOSHI
419,2020-09-30 15:00:00,246.00,248,stocklive,246,0.00,0,13151,245,243,LBL
10,2020-09-30 15:00:00,11122.00,11380,stocklive,11360,-238.00,2.1,450,11270,11100,RBCL
10,2020-09-30 15:00:00,289.00,294,stocklive,291,-2.00,0.69,92553,290,286,UPPER
10,2020-09-30 15:00:00,210.00,215,stocklive,208,2.00,0.96,34150,204,200,LEC
3,2020-09-30 15:00:00,697.00,715,stocklive,676,20.64,3.05,10966,684,684,NADEP
80,2020-09-30 15:00:00,556.00,589,stocklive,561,-5.00,0.89,4804,589,554,HBL
10,2020-09-30 15:00:00,150.00,150,stocklive,137,13.00,9.49,30198,140,138,PMHPL
200,2020-09-30 15:00:00,167.00,168,stocklive,158,9.00,5.7,102180,158,155,SADBL
50,2020-09-30 15:00:00,510.00,515,stocklive,511,-1.00,0.2,23735,510,506,CHCL
80,2020-09-30 15:00:00,731.00,740,stocklive,738,-7.00,0.95,21336,729,726,SHIVM
10,2020-09-30 15:00:00,357.00,360,stocklive,359,-2.00,0.56,24501,355,355,NRN
500,2020-09-30 15:00:00,165.00,171,stocklive,163,2.00,1.23,65053,163,157,BARUN
10,2020-09-30 15:00:00,507.00,512,stocklive,509,-2.00,0.39,13257,509,505,AIL
1000,2020-09-30 15:00:00,193.00,201,stocklive,191,2.00,1.05,82133,189,189,LBBL
20,2020-09-30 15:00:00,734.00,739,stocklive,730,4.00,0.55,1465,720,720,KMCDB
10,2020-09-30 15:00:00,153.00,154,stocklive,145,8.00,5.52,31136,145,134,MHNL
100,2020-09-30 15:00:00,256.00,262,stocklive,263,-7.00,2.66,5378,262,252,UFL
13,2020-09-30 15:00:00,780.00,794,stocklive,785,-5.00,0.64,635,775,775,SLBSL
32,2020-09-30 15:00:00,163.00,168,stocklive,163,0.00,0,32132,163,155,RLFL
893,2020-09-30 15:00:00,183.00,187,stocklive,184,-1.00,0.54,10903,184,181,GFCL
10,2020-09-30 15:00:00,385.00,385,stocklive,385,0.00,0,5412,385,380,OHL
122,2020-09-30 15:00:00,3469.00,3500,stocklive,3478,-9.00,0.26,5141,3450,3446,CIT
100,2020-09-30 15:00:00,129.00,129,stocklive,118,11.00,9.32,48935,117,117,KRBL
13,2020-09-30 15:00:00,646.00,656,stocklive,645,1.00,0.16,24362,637,633,PLIC
20,2020-09-30 15:00:00,500.00,505,stocklive,498,2.00,0.4,24704,498,491,HGI
200,2020-09-30 15:00:00,655.00,672,stocklive,660,-5.00,0.76,7805,635,635,SCB
30,2020-09-30 15:00:00,748.00,751,stocklive,758,-10.00,1.32,9001,746,734,MERO
30,2020-09-30 15:00:00,573.00,579,stocklive,578,-5.00,0.87,16468,570,568,FMDBL
200,2020-09-30 15:00:00,239.00,240,stocklive,237,2.00,0.84,32864,237,235,SRBL
617,2020-09-30 15:00:00,150.00,153,stocklive,140,10.00,7.14,26680,142,140,SINDU
74,2020-09-30 15:00:00,910.00,915,stocklive,911,-1.00,0.11,1220,901,900,VLBS
200,2020-09-30 15:00:00,418.00,420,stocklive,419,-1.00,0.24,30228,416,415,NIB
100,2020-09-30 15:00:00,149.00,158,stocklive,152,-3.00,1.97,33750,152,147,CHL
10,2020-09-30 15:00:00,187.00,189,stocklive,187,0.00,0,30889,187,184,CCBL
100,2020-09-30 15:00:00,169.00,171,stocklive,167,2.00,1.2,122146,171,162,CBL
10,2020-09-30 15:00:00,608.00,612,stocklive,601,7.00,1.16,48975,599,596,SLICL
349,2020-09-30 15:00:00,246.00,251,stocklive,243,3.00,1.23,29643,243,242,GBBL
50,2020-09-30 15:00:00,1365.00,1371,stocklive,1370,-5.00,0.36,33821,1366,1360,NLIC
1058,2020-09-30 15:00:00,1111.00,1116,stocklive,1115,-4.00,0.36,13446,1100,1100,CBBL
20,2020-09-30 15:00:00,157.00,161,stocklive,155,2.00,1.29,24486,152,149,HURJA
11,2020-09-30 15:00:00,184.00,191,stocklive,179,5.00,2.79,111507,177,176,JBBL
11,2020-09-30 15:00:00,1318.00,1325,stocklive,1324,-6.00,0.45,13647,1307,1307,SICL
10,2020-09-30 15:00:00,820.00,831,stocklive,813,7.00,0.86,1879,810,801,ILBS
308,2020-09-30 15:00:00,590.00,601,stocklive,590,0.00,0,29640,601,580,PRIN
500,2020-09-30 15:00:00,313.00,314,stocklive,313,0.00,0,27374,313,310,SBL
10,2020-09-30 15:00:00,762.00,767,stocklive,760,2.00,0.26,1061,745,745,NLBBL
10,2020-09-30 15:00:00,757.00,764,stocklive,765,-8.00,1.05,9355,760,756,NLICL
81,2020-09-30 15:00:00,265.00,270,stocklive,268,-3.00,1.12,71296,270,264,GBIME
100,2020-09-30 15:00:00,423.00,428,stocklive,423,0.00,0,21915,423,417,UIC
140,2020-09-30 15:00:00,184.00,189,stocklive,186,-2.00,1.08,15650,189,182,SHL
10,2020-09-30 15:00:00,138.00,140,stocklive,136,2.00,1.47,18066,138,134,GUFL
50,2020-09-30 15:00:00,526.00,529,stocklive,530,-4.00,0.75,12003,529,514,PICL
45,2020-09-30 15:00:00,162.00,164,stocklive,158,4.00,2.53,20978,155,152,CFCL
10,2020-09-30 15:00:00,203.00,211,stocklive,205,-2.00,0.98,15163,201,201,HPPL
20,2020-09-30 15:00:00,212.00,215,stocklive,212,0.00,0,50561,212,209,NBB
10,2020-09-30 15:00:00,163.00,166,stocklive,165,-2.00,1.21,18351,165,159,GMFIL
90,2020-09-30 15:00:00,527.00,533,stocklive,530,-3.00,0.57,10503,533,518,LGIL
157,2020-09-30 15:00:00,424.00,447,stocklive,426,-2.00,0.47,15510,447,420,SBI
10,2020-09-30 15:00:00,740.00,750,stocklive,742,-2.00,0.27,574,728,720,GLBSL
400,2020-09-30 15:00:00,224.00,225,stocklive,225,-1.00,0.44,57126,223,221,MEGA
20,2020-09-30 15:00:00,850.00,853,stocklive,858,-8.00,0.93,1545,841,830,SABSL
10,2020-09-30 15:00:00,951.00,969,stocklive,951,0.00,0,1481,940,940,SMFBS
10,2020-09-30 15:00:00,702.00,703,stocklive,703,-1.00,0.14,12460,700,698,NTC
10,2020-09-30 15:00:00,122.00,122,stocklive,111,11.00,9.91,32137,109,109,AKJCL
13,2020-09-30 15:00:00,832.00,832,stocklive,830,2.00,0.24,2182,826,825,NMBMF
138,2020-09-30 15:00:00,116.00,116,stocklive,106,10.00,9.43,16755,106,106,KKHC
50,2020-09-30 15:00:00,771.00,780,stocklive,772,-1.00,0.13,16734,761,761,PIC
10,2020-09-30 15:00:00,130.00,130,stocklive,119,11.00,9.24,651062,124,122,HDHPC
1000,2020-09-30 15:00:00,10.40,10,stocklive,10,0.03,0.29,48550,10,10,SAEF
100,2020-09-30 15:00:00,209.00,210,stocklive,208,1.00,0.48,50056,204,204,CZBIL
460,2020-09-30 15:00:00,135.00,135,stocklive,136,-1.00,0.74,19527,134,128,BFC
750,2020-09-30 15:00:00,128.00,129,stocklive,130,-2.00,1.54,6321,129,125,SFCL
14,2020-09-30 15:00:00,155.00,163,stocklive,158,-3.00,1.9,52510,160,153,UMHL
100,2020-09-30 15:00:00,286.00,300,stocklive,286,0.00,0,58060,300,283,PCBL
76,2020-09-30 15:00:00,611.00,614,stocklive,613,-2.00,0.33,17017,612,608,GLICL
10,2020-09-30 15:00:00,838.00,845,stocklive,844,-6.00,0.71,4467,839,834,SLBBL
100,2020-09-30 15:00:00,839.00,862,stocklive,836,3.00,0.36,1696,821,821,ALBSL
100,2020-09-30 15:00:00,720.00,730,stocklive,724,-4.00,0.55,10455,730,719,EBL
10,2020-09-30 15:00:00,18200.00,18200,stocklive,17895,305.00,1.7,10,18200,18200,UNL
200,2020-09-30 15:00:00,9.60,10,stocklive,9,0.25,2.67,18580,9,9,NICGF
130,2020-09-30 15:00:00,1554.00,1554,stocklive,1555,-1.00,0.06,1102,1551,1549,FOWAD
30,2020-09-30 15:00:00,910.00,917,stocklive,928,-18.00,1.94,1507,915,910,MMFDB
391,2020-09-30 15:00:00,187.00,187,stocklive,170,17.00,10,273028,178,170,KSBBL
15,2020-09-30 15:00:00,249.00,255,stocklive,246,3.00,1.22,37497,246,242,SHINE
26,2020-09-30 15:00:00,436.00,445,stocklive,438,-2.00,0.46,37898,445,434,ADBL
10,2020-09-30 15:00:00,797.00,808,stocklive,805,-8.00,0.99,295,796,795,GGBSL
10,2020-09-30 15:00:00,859.00,875,stocklive,864,-5.00,0.58,22250,864,857,NABIL
50,2020-09-30 15:00:00,139.00,143,stocklive,134,5.00,3.73,22355,132,131,GRDBL
110,2020-09-30 15:00:00,305.00,308,stocklive,306,-1.00,0.33,12845,306,305,MFIL
40,2020-09-30 15:00:00,169.00,175,stocklive,173,-4.00,2.31,23348,170,161,RRHP
10,2020-09-30 15:00:00,121.00,124,stocklive,120,1.00,0.83,12733,119,116,PROFL
300,2020-09-30 15:00:00,179.00,188,stocklive,185,-6.00,3.24,68746,188,178,NGPL
108,2020-09-30 15:00:00,258.00,264,stocklive,262,-4.00,1.53,54273,263,258,BOKL
40,2020-09-30 15:00:00,1098.00,1124,stocklive,1122,-24.00,2.14,2303,1105,1098,LLBS
10,2020-09-30 15:00:00,248.00,252,stocklive,252,-4.00,1.59,7293,250,245,TRH
50,2020-09-30 15:00:00,855.00,855,stocklive,855,0.00,0,5891,846,840,DDBL
315,2020-09-30 15:00:00,233.00,236,stocklive,234,-1.00,0.43,36315,235,233,MBL
500,2020-09-30 15:00:00,520.00,528,stocklive,521,-1.00,0.19,9144,525,515,GBLBS
300,2020-09-30 15:00:00,339.00,342,stocklive,341,-2.00,0.59,35431,339,336,SANIMA
50,2020-09-30 15:00:00,526.00,530,stocklive,529,-3.00,0.57,30139,520,520,EIC
15,2020-09-30 15:00:00,970.00,970,stocklive,972,-2.00,0.21,1440,970,965,NUBL
30,2020-09-30 15:00:00,122.00,122,stocklive,111,11.00,9.91,19784,112,112,GHL
100,2020-09-30 15:00:00,212.00,215,stocklive,212,0.00,0,96181,215,208,KBL
10,2020-09-30 15:00:00,812.00,822,stocklive,821,-9.00,1.1,550,806,806,GMFBS
25,2020-09-30 15:00:00,1774.00,1861,stocklive,1773,1.00,0.06,4498,1861,1764,HDL
10,2020-09-30 15:00:00,1459.00,1487,stocklive,1470,-11.00,0.75,3968,1470,1454,LICN
10,2020-09-30 15:00:00,1164.00,1194,stocklive,1171,-7.00,0.6,1206,1171,1157,GILB
110,2020-09-30 15:00:00,244.00,288,stocklive,262,-18.00,6.87,24152,275,236,NFS
160,2020-09-30 15:00:00,545.00,549,stocklive,550,-5.00,0.91,4010,540,539,RSDC
438,2020-09-30 15:00:00,292.00,300,stocklive,292,0.00,0,53139,288,288,SHPC
25,2020-09-30 15:00:00,308.00,310,stocklive,309,-1.00,0.32,5327,305,305,EDBL
10,2020-09-30 15:00:00,815.00,820,stocklive,823,-8.00,0.97,2020,814,814,SDLBSL
2845,2020-09-30 15:00:00,115.00,115,stocklive,105,10.00,9.52,67561,105,105,UNHPL
160,2020-09-30 15:00:00,403.00,405,stocklive,406,-3.00,0.74,21499,401,399,BPCL
485,2020-09-30 15:00:00,8.96,9,stocklive,9,0.31,3.58,9752,9,9,NIBLPF
20,2020-09-30 15:00:00,555.00,560,stocklive,551,4.00,0.73,29582,550,544,NICL
32,2020-09-30 15:00:00,1243.00,1250,stocklive,1255,-12.00,0.96,4670,1250,1243,SWBBL
100,2020-09-30 15:00:00,9.48,9,stocklive,9,0.18,1.94,5200,9,9,NMB50
150,2020-09-30 15:00:00,179.00,179,stocklive,176,3.00,1.7,13448,179,174,SIFC
430,2020-09-30 15:00:00,150.00,150,stocklive,147,3.00,2.04,8850,145,144,SAPDBL
310,2020-09-30 15:00:00,125.00,128,stocklive,125,0.00,0,21366,127,123,MPFL
25,2020-09-30 15:00:00,1005.00,1005,stocklive,1020,-15.00,1.47,25,1005,1005,SAND2085
10,2020-09-30 15:00:00,180.00,181,stocklive,167,13.00,7.78,19412,165,165,PFL
126,2020-09-30 15:00:00,537.00,541,stocklive,537,0.00,0,8605,533,531,IGI
26,2020-09-30 15:00:00,1544.00,1575,stocklive,1542,2.00,0.13,985,1512,1512,NMFBS
30,2020-09-30 15:00:00,167.00,168,stocklive,162,5.00,3.09,12600,165,165,CORBL
100,2020-09-30 15:00:00,3406.00,3450,stocklive,3448,-42.00,1.22,632,3448,3405,STC
10,2020-09-30 15:00:00,743.00,743,stocklive,742,1.00,0.13,227,740,734,MLBBL
22,2020-09-30 15:00:00,1080.00,1085,stocklive,1074,6.00,0.56,685,1055,1055,USLB
473,2020-09-30 15:00:00,358.00,365,stocklive,361,-3.00,0.83,8263,365,358,NIBPO
200,2020-09-30 15:00:00,105.00,105,stocklive,96,9.00,9.38,27675,100,100,DHPL
500,2020-09-30 15:00:00,842.00,846,stocklive,847,-5.00,0.59,8841,845,840,RMDC
1000,2020-09-30 15:00:00,8.91,9,stocklive,9,0.11,1.25,10050,9,9,LUK
100,2020-09-30 15:00:00,9.64,10,stocklive,9,0.54,5.93,1000,9,9,SFMF
12,2020-09-30 15:00:00,680.00,695,stocklive,694,-14.00,2.02,857,694,680,NSEWA
10,2020-09-30 15:00:00,850.00,852,stocklive,852,-2.00,0.23,676,845,831,SMB
38,2020-09-30 15:00:00,942.00,961,stocklive,943,-1.00,0.11,1196,935,931,SLBS
12,2020-09-30 15:00:00,699.00,701,stocklive,705,-6.00,0.85,1104,701,692,CLBSL
1839,2020-09-30 15:00:00,10.10,10,stocklive,10,0.10,1,14975,10,10,NMBHF1
5000,2020-09-30 15:00:00,9.50,10,stocklive,9,0.01,0.11,62900,9,9,NIBSF1
100,2020-09-30 15:00:00,737.00,744,stocklive,743,-6.00,0.81,15083,738,725,SIL
11,2020-09-30 15:00:00,675.00,680,stocklive,685,-10.00,1.46,621,675,675,MSMBS
5000,2020-09-30 15:00:00,9.12,9,stocklive,9,0.06,0.66,20000,9,9,SEF
100,2020-09-30 15:00:00,1034.00,1040,stocklive,1049,-15.00,1.43,928,1040,1026,NLBSL
2000,2020-09-30 15:00:00,8.85,9,stocklive,8,0.42,4.98,7500,9,9,LEMF
200,2020-09-30 15:00:00,8.80,9,stocklive,9,-0.10,1.12,700,9,9,NICBF
100,2020-09-30 15:00:00,1629.00,1629,stocklive,1629,0.00,0,100,1629,1629,BBC
1000,2020-09-30 15:00:00,9.26,9,stocklive,9,0.18,1.98,17000,9,9,GIMES1
50,2020-09-30 15:00:00,216.00,228,stocklive,220,-4.00,1.82,6560,224,216,NHDL
1,2020-09-30 15:00:00,944.00,944,stocklive,934,10.00,1.07,1010,926,926,SPARS
500,2020-09-30 15:00:00,8.90,9,stocklive,9,-0.10,1.11,6800,9,9,NBF2
10,2020-09-30 15:00:00,357.00,360,stocklive,358,-1.00,0.28,6957,356,354,MDB
10,2020-09-30 15:00:00,6570.00,6570,stocklive,6697,-127.00,1.9,24,6570,6570,BNT
10,2020-09-30 15:00:00,1373.00,1389,stocklive,1361,12.00,0.88,181,1335,1335,JSLBB
2317,2020-09-30 15:00:00,8.73,9,stocklive,9,-0.08,0.91,11547,9,9,NEF
15,2020-09-30 15:00:00,10150.00,10174,stocklive,10150,0.00,0,480,10110,9975,RBCLPO
20000,2020-09-30 15:00:00,185.00,185,stocklive,185,0.00,0,25000,185,185,MNBBLP
25,2020-09-30 15:00:00,1075.00,1075,stocklive,1075,0.00,0,25,1075,1075,NICAD8283
